Optimizer,objfname,ExecutionTime,MinError,MeanError,Iter1,Iter2,Iter3,Iter4,Iter5,Iter6,Iter7,Iter8,Iter9,Iter10,Iter11,Iter12,Iter13,Iter14,Iter15,Iter16,Iter17,Iter18,Iter19,Iter20,Iter21,Iter22,Iter23,Iter24,Iter25,Iter26,Iter27,Iter28,Iter29,Iter30,Iter31,Iter32,Iter33,Iter34,Iter35,Iter36,Iter37,Iter38,Iter39,Iter40,Iter41,Iter42,Iter43,Iter44,Iter45,Iter46,Iter47,Iter48,Iter49,Iter50,Iter51,Iter52,Iter53,Iter54,Iter55,Iter56,Iter57,Iter58,Iter59,Iter60,Iter61,Iter62,Iter63,Iter64,Iter65,Iter66,Iter67,Iter68,Iter69,Iter70,Iter71,Iter72,Iter73,Iter74,Iter75,Iter76,Iter77,Iter78,Iter79,Iter80,Iter81,Iter82,Iter83,Iter84,Iter85,Iter86,Iter87,Iter88,Iter89,Iter90,Iter91,Iter92,Iter93,Iter94,Iter95,Iter96,Iter97,Iter98,Iter99,Iter100
GWO,F1,0.85,0.0007369217350765145,0.003940005719087809,52199.94,39594.13,30648.01,25505.91,19161.24,14811.32,11287.65,8819.69,6667.18,4943.16,3873.61,2917.21,2020.06,1563.49,1115.79,762.62,575.83,410.19,316.54,226.67,161.73,118.11,81.66,61.22,43.25,31.11,24.15,18.12,13.01,9.99,7.51,5.76,4.56,3.51,2.7,2.1,1.64,1.34,1.08,0.84,0.67,0.55,0.45,0.36,0.29,0.24,0.2,0.17,0.15,0.13,0.11,0.09,0.08,0.07,0.06,0.05,0.05,0.04,0.04,0.03,0.03,0.03,0.02,0.02,0.02,0.02,0.02,0.01,0.01,0.01,0.01,0.01,0.01,0.01,0.01,0.01,0.01,0.01,0.01,0.01,0.01,0.01,0.01,0.01,0.01,0.0,0.0,0.0,0.0,0.0,0.0,0.0,0.0,0.0,0.0,0.0,0.0,0.0,0.0,0.0
GWO,F2,0.87,0.005866649752956496,0.010625292007535054,29691613184.68,409474985.23,1495316.46,304707.58,3199.19,227.01,70.71,49.31,41.45,34.13,29.2,24.72,21.1,16.96,14.12,11.87,9.85,8.23,6.82,5.72,4.85,4.03,3.28,2.75,2.24,1.92,1.62,1.33,1.12,0.95,0.8,0.66,0.56,0.48,0.4,0.34,0.3,0.25,0.22,0.2,0.17,0.15,0.13,0.12,0.11,0.1,0.09,0.08,0.07,0.07,0.06,0.06,0.05,0.05,0.04,0.04,0.04,0.04,0.03,0.03,0.03,0.03,0.03,0.02,0.02,0.02,0.02,0.02,0.02,0.02,0.02,0.02,0.02,0.02,0.02,0.02,0.01,0.01,0.01,0.01,0.01,0.01,0.01,0.01,0.01,0.01,0.01,0.01,0.01,0.01,0.01,0.01,0.01,0.01,0.01,0.01,0.01,0.01,0.01,0.01
GWO,F3,1.02,59.26979828150604,469.5355479041106,118279.24,91728.1,80760.0,68808.15,60905.83,55119.26,51335.07,47288.24,42451.68,39031.75,34825.83,31495.26,30858.67,28766.55,26490.74,23878.19,21881.86,21090.97,19868.71,18522.08,17769.12,16884.28,15888.65,13726.9,13012.75,12061.86,11323.39,10582.15,10170.63,9572.2,9075.72,8793.17,8416.07,7800.5,7255.15,6935.08,6514.15,6041.82,5460.96,5043.34,4676.35,4332.04,4142.21,3964.53,3748.76,3427.8,3189.08,3078.0,2849.38,2674.9,2542.56,2425.99,2324.6,2155.06,2094.87,1965.81,1886.42,1767.39,1643.27,1572.42,1505.48,1412.65,1348.08,1274.82,1227.08,1164.73,1102.7,1052.59,1013.1,969.72,936.25,904.54,863.67,834.95,812.21,789.97,762.51,738.12,718.13,695.8,667.69,649.33,630.05,608.99,592.77,572.14,559.63,545.18,534.09,520.79,511.49,502.49,494.69,487.82,482.94,477.16,473.54,471.08,469.55,469.54
GWO,F4,0.85,0.614678784490634,1.3823997852706944,85.89,84.31,80.48,77.26,71.94,67.93,61.63,58.44,54.16,50.64,47.34,44.21,40.84,37.96,35.86,33.34,30.47,28.65,26.45,24.82,22.75,21.21,19.63,18.6,17.0,15.46,14.49,13.51,12.67,12.02,11.28,10.39,9.8,9.18,8.62,8.21,7.72,7.26,6.87,6.49,6.1,5.89,5.51,5.19,4.96,4.74,4.5,4.34,4.12,3.97,3.84,3.71,3.5,3.35,3.22,3.12,3.02,2.89,2.81,2.7,2.63,2.56,2.48,2.39,2.32,2.27,2.2,2.15,2.11,2.06,2.01,1.97,1.93,1.88,1.86,1.82,1.79,1.75,1.71,1.69,1.66,1.63,1.6,1.58,1.56,1.54,1.52,1.5,1.49,1.47,1.46,1.44,1.43,1.42,1.41,1.4,1.39,1.39,1.38,1.38
GWO,F5,0.87,27.29561864554653,28.592110519061382,2365472.28,1576241.35,1037925.47,711463.98,515540.85,327491.44,233437.28,144757.89,95625.57,63895.53,40042.18,24467.16,17062.07,11694.9,7290.84,4446.72,3210.15,2207.83,1508.16,1028.74,722.36,553.6,426.91,335.14,253.08,211.46,170.42,144.55,121.78,107.22,95.76,84.85,75.7,66.5,59.75,54.03,49.32,45.96,42.99,40.54,38.6,36.64,35.23,34.41,33.52,32.86,32.17,31.81,31.29,30.89,30.63,30.4,30.2,30.04,29.88,29.77,29.65,29.53,29.43,29.38,29.28,29.25,29.2,29.13,29.09,29.04,29.0,28.97,28.93,28.9,28.87,28.86,28.83,28.81,28.8,28.78,28.76,28.75,28.73,28.72,28.71,28.69,28.68,28.68,28.67,28.66,28.65,28.64,28.63,28.63,28.62,28.61,28.61,28.6,28.6,28.6,28.59,28.59,28.59,28.59
GWO,F6,0.86,1.5380385552558935,2.582374292959582,51265.86,39257.79,29668.63,24236.27,18499.23,14667.65,10820.14,8552.23,6588.2,4798.83,3471.13,2545.33,1838.8,1336.75,992.71,754.05,527.02,376.52,278.77,195.32,152.13,107.03,79.13,58.41,40.79,30.75,23.04,17.66,14.35,11.51,9.25,8.0,6.85,6.09,5.49,5.04,4.76,4.42,4.16,4.01,3.84,3.74,3.64,3.57,3.47,3.42,3.37,3.31,3.26,3.23,3.18,3.16,3.13,3.09,3.06,3.04,3.01,2.99,2.97,2.95,2.94,2.91,2.9,2.88,2.86,2.84,2.82,2.81,2.79,2.78,2.77,2.76,2.75,2.74,2.72,2.72,2.71,2.7,2.69,2.68,2.67,2.66,2.65,2.64,2.64,2.63,2.62,2.62,2.61,2.61,2.6,2.6,2.59,2.59,2.59,2.59,2.58,2.58,2.58,2.58
GWO,F7,0.84,0.005010819885402913,0.018426249941420336,81.49,58.52,36.37,22.66,14.6,9.01,6.16,4.35,2.67,1.87,1.37,0.95,0.67,0.49,0.42,0.31,0.26,0.22,0.19,0.17,0.15,0.13,0.12,0.11,0.1,0.09,0.08,0.08,0.08,0.07,0.07,0.06,0.06,0.06,0.05,0.05,0.05,0.05,0.05,0.05,0.04,0.04,0.04,0.04,0.04,0.04,0.04,0.03,0.03,0.03,0.03,0.03,0.03,0.03,0.03,0.03,0.03,0.03,0.02,0.02,0.02,0.02,0.02,0.02,0.02,0.02,0.02,0.02,0.02,0.02,0.02,0.02,0.02,0.02,0.02,0.02,0.02,0.02,0.02,0.02,0.02,0.02,0.02,0.02,0.02,0.02,0.02,0.02,0.02,0.02,0.02,0.02,0.02,0.02,0.02,0.02,0.02,0.02,0.02,0.02
GWO,F8,0.87,5444.654876173931,7617.558982777696,-2237.44,-2329.36,-2409.46,-2481.01,-2565.83,-2626.55,-2681.28,-2720.11,-2736.52,-2776.18,-2781.73,-2793.35,-2832.25,-2840.46,-2840.46,-2841.93,-2842.64,-2846.1,-2846.1,-2848.34,-2848.34,-2860.17,-2866.04,-2884.78,-2884.78,-2900.19,-2900.19,-2900.19,-2960.23,-2977.01,-3001.65,-3037.66,-3037.66,-3037.66,-3044.73,-3044.73,-3087.58,-3091.96,-3095.33,-3099.82,-3119.24,-3135.2,-3135.2,-3153.25,-3163.45,-3163.45,-3165.31,-3180.51,-3181.05,-3181.05,-3211.19,-3211.19,-3211.19,-3221.97,-3246.68,-3256.98,-3257.43,-3269.9,-3311.05,-3328.29,-3348.88,-3374.96,-3388.73,-3487.39,-3497.79,-3538.36,-3594.28,-3651.6,-3707.73,-3718.61,-3740.3,-3827.81,-3860.92,-3903.4,-3969.26,-4010.15,-4064.49,-4130.85,-4201.37,-4247.77,-4324.48,-4424.69,-4469.41,-4509.87,-4560.58,-4604.2,-4627.3,-4678.85,-4706.4,-4745.22,-4785.63,-4814.69,-4838.8,-4868.51,-4890.37,-4917.42,-4933.93,-4944.16,-4951.56,-4951.94
GWO,F9,0.83,20.276702064101812,47.659498373954165,390.79,372.56,354.11,336.86,323.27,311.42,302.99,289.48,285.01,275.79,268.77,261.06,255.08,249.43,243.97,236.71,230.92,224.04,217.63,211.74,206.54,198.02,193.68,186.84,185.05,180.07,177.18,173.03,171.83,168.21,164.64,159.44,156.3,153.91,151.38,148.3,146.0,143.97,141.33,140.36,137.74,136.25,132.52,130.17,128.14,125.91,124.12,122.4,121.16,118.41,117.39,116.48,113.7,112.26,109.61,108.43,105.76,104.65,102.5,99.88,98.09,95.96,93.77,92.23,91.8,91.32,87.34,86.48,84.5,83.49,81.58,79.28,77.77,75.45,73.4,72.05,70.29,69.06,67.22,65.42,63.43,61.37,59.53,58.63,57.56,56.32,55.24,54.33,53.1,52.2,51.61,50.99,50.22,49.6,49.09,48.58,48.18,47.84,47.67,47.66
GWO,F10,0.88,0.004189401094813139,0.011026502840734734,20.25,19.78,19.14,18.47,17.46,16.74,15.9,14.95,13.76,12.62,11.53,10.61,9.62,8.7,7.81,7.07,6.42,5.78,5.23,4.75,4.34,3.93,3.62,3.29,3.03,2.77,2.53,2.21,1.94,1.65,1.36,1.12,0.93,0.77,0.63,0.52,0.43,0.36,0.3,0.26,0.22,0.19,0.17,0.15,0.13,0.11,0.1,0.09,0.08,0.07,0.07,0.06,0.06,0.05,0.05,0.05,0.04,0.04,0.04,0.03,0.03,0.03,0.03,0.03,0.03,0.02,0.02,0.02,0.02,0.02,0.02,0.02,0.02,0.02,0.02,0.02,0.02,0.02,0.01,0.01,0.01,0.01,0.01,0.01,0.01,0.01,0.01,0.01,0.01,0.01,0.01,0.01,0.01,0.01,0.01,0.01,0.01,0.01,0.01,0.01
GWO,F11,0.89,0.00102078511472814,0.06055312619563535,478.33,376.24,273.42,226.42,179.39,141.02,105.4,79.13,61.52,47.05,34.26,25.77,19.42,14.9,10.94,8.24,6.27,4.84,3.82,3.03,2.47,2.11,1.81,1.6,1.42,1.31,1.22,1.17,1.13,1.08,1.06,1.04,1.01,0.98,0.94,0.9,0.85,0.8,0.74,0.69,0.61,0.55,0.5,0.45,0.41,0.38,0.34,0.32,0.29,0.26,0.24,0.23,0.21,0.2,0.19,0.18,0.17,0.16,0.15,0.14,0.14,0.13,0.13,0.12,0.12,0.11,0.11,0.1,0.1,0.1,0.1,0.09,0.09,0.09,0.09,0.08,0.08,0.08,0.08,0.08,0.07,0.07,0.07,0.07,0.07,0.07,0.07,0.07,0.07,0.06,0.06,0.06,0.06,0.06,0.06,0.06,0.06,0.06,0.06,0.06
GWO,F12,0.93,0.054623410345750745,0.3833121315989693,445994141.12,263390402.88,161026563.8,82596806.34,58578913.32,35562941.28,18565141.65,9907467.49,6618612.56,3447356.28,2138083.39,1311696.77,828508.36,688982.54,323423.87,161037.22,54223.01,38071.69,4753.71,1517.19,579.65,412.66,56.98,17.4,16.19,7.03,5.6,4.79,4.04,3.28,2.79,2.39,2.04,1.74,1.54,1.38,1.26,1.21,1.13,1.07,1.01,0.94,0.9,0.85,0.82,0.78,0.75,0.71,0.68,0.65,0.63,0.62,0.6,0.59,0.57,0.56,0.55,0.53,0.51,0.51,0.5,0.49,0.49,0.48,0.48,0.47,0.47,0.46,0.46,0.45,0.45,0.44,0.44,0.44,0.43,0.43,0.43,0.42,0.42,0.41,0.41,0.41,0.41,0.41,0.4,0.4,0.4,0.4,0.4,0.39,0.39,0.39,0.39,0.39,0.39,0.39,0.38,0.38,0.38,0.38
GWO,F13,0.94,1.0750869064538426,1.9704784058062994,826074327.88,545991039.22,360431238.86,205067867.36,122641745.3,72640134.71,44307325.78,26114851.29,16504574.0,8325279.77,5359097.08,3048843.4,1888503.88,857146.01,436284.11,269867.8,168590.32,115752.1,46799.13,15699.02,7749.4,2878.04,1573.58,294.69,132.08,34.76,30.33,13.76,11.71,9.67,8.2,7.0,6.0,5.3,4.74,4.29,3.86,3.58,3.38,3.19,3.04,2.93,2.83,2.75,2.7,2.65,2.61,2.59,2.55,2.51,2.48,2.47,2.44,2.42,2.4,2.39,2.37,2.36,2.35,2.34,2.32,2.31,2.31,2.29,2.27,2.26,2.25,2.24,2.23,2.22,2.22,2.21,2.2,2.19,2.18,2.17,2.16,2.15,2.14,2.14,2.13,2.1,2.09,2.08,2.08,2.07,2.06,2.04,2.04,2.03,2.01,2.0,2.0,1.99,1.99,1.98,1.98,1.97,1.97,1.97
GWO,F14,0.55,3.837974566156532e-06,4.827998952931606,47.83,13.15,9.93,8.72,8.42,8.19,7.79,7.5,7.37,7.36,7.08,7.03,6.98,6.96,6.9,6.85,6.78,6.73,6.63,6.54,6.48,6.4,6.3,6.28,6.28,6.24,6.21,6.21,6.18,6.18,6.18,6.18,6.03,5.88,5.87,5.87,5.87,5.87,5.87,5.87,5.86,5.85,5.85,5.85,5.85,5.85,5.85,5.85,5.85,5.85,5.85,5.85,5.85,5.85,5.85,5.85,5.85,5.85,5.85,5.83,5.83,5.83,5.83,5.83,5.83,5.83,5.83,5.83,5.83,5.83,5.83,5.83,5.83,5.83,5.83,5.83,5.83,5.83,5.83,5.83,5.83,5.83,5.83,5.83,5.83,5.83,5.83,5.83,5.83,5.83,5.83,5.83,5.83,5.83,5.83,5.83,5.83,5.83,5.83,5.83
GWO,F15,0.15,6.121467393050897e-05,0.004481164837413184,0.05,0.03,0.02,0.01,0.01,0.01,0.01,0.01,0.01,0.01,0.01,0.01,0.01,0.01,0.01,0.01,0.01,0.01,0.01,0.01,0.01,0.01,0.01,0.01,0.01,0.01,0.01,0.01,0.01,0.01,0.01,0.01,0.01,0.01,0.01,0.01,0.01,0.01,0.01,0.01,0.01,0.01,0.01,0.01,0.01,0.01,0.01,0.01,0.01,0.01,0.01,0.01,0.01,0.01,0.01,0.01,0.01,0.01,0.01,0.01,0.01,0.01,0.01,0.01,0.01,0.0,0.0,0.0,0.0,0.0,0.0,0.0,0.0,0.0,0.0,0.0,0.0,0.0,0.0,0.0,0.0,0.0,0.0,0.0,0.0,0.0,0.0,0.0,0.0,0.0,0.0,0.0,0.0,0.0,0.0,0.0,0.0,0.0,0.0,0.0
GWO,F16,0.07,1.1546729303812953e-05,1.1675703399209129e-05,-0.53,-0.84,-0.97,-1.0,-1.02,-1.03,-1.03,-1.03,-1.03,-1.03,-1.03,-1.03,-1.03,-1.03,-1.03,-1.03,-1.03,-1.03,-1.03,-1.03,-1.03,-1.03,-1.03,-1.03,-1.03,-1.03,-1.03,-1.03,-1.03,-1.03,-1.03,-1.03,-1.03,-1.03,-1.03,-1.03,-1.03,-1.03,-1.03,-1.03,-1.03,-1.03,-1.03,-1.03,-1.03,-1.03,-1.03,-1.03,-1.03,-1.03,-1.03,-1.03,-1.03,-1.03,-1.03,-1.03,-1.03,-1.03,-1.03,-1.03,-1.03,-1.03,-1.03,-1.03,-1.03,-1.03,-1.03,-1.03,-1.03,-1.03,-1.03,-1.03,-1.03,-1.03,-1.03,-1.03,-1.03,-1.03,-1.03,-1.03,-1.03,-1.03,-1.03,-1.03,-1.03,-1.03,-1.03,-1.03,-1.03,-1.03,-1.03,-1.03,-1.03,-1.03,-1.03,-1.03,-1.03,-1.03,-1.03,-1.03
GWO,F17,0.06,1.0136053320008998e-06,0.0005149096170308528,1.84,1.44,0.99,0.93,0.84,0.67,0.62,0.6,0.55,0.53,0.52,0.51,0.5,0.49,0.44,0.44,0.44,0.43,0.43,0.43,0.42,0.42,0.42,0.42,0.42,0.42,0.42,0.41,0.41,0.41,0.41,0.41,0.41,0.41,0.41,0.41,0.41,0.41,0.4,0.4,0.4,0.4,0.4,0.4,0.4,0.4,0.4,0.4,0.4,0.4,0.4,0.4,0.4,0.4,0.4,0.4,0.4,0.4,0.4,0.4,0.4,0.4,0.4,0.4,0.4,0.4,0.4,0.4,0.4,0.4,0.4,0.4,0.4,0.4,0.4,0.4,0.4,0.4,0.4,0.4,0.4,0.4,0.4,0.4,0.4,0.4,0.4,0.4,0.4,0.4,0.4,0.4,0.4,0.4,0.4,0.4,0.4,0.4,0.4,0.4
GWO,F18,0.07,2.54565050594735e-06,0.0006449389364577691,21.71,12.03,6.14,4.24,3.76,3.33,3.19,3.12,3.1,3.07,3.04,3.03,3.03,3.02,3.02,3.02,3.01,3.01,3.01,3.01,3.01,3.01,3.01,3.01,3.01,3.01,3.01,3.01,3.01,3.01,3.01,3.01,3.01,3.01,3.01,3.0,3.0,3.0,3.0,3.0,3.0,3.0,3.0,3.0,3.0,3.0,3.0,3.0,3.0,3.0,3.0,3.0,3.0,3.0,3.0,3.0,3.0,3.0,3.0,3.0,3.0,3.0,3.0,3.0,3.0,3.0,3.0,3.0,3.0,3.0,3.0,3.0,3.0,3.0,3.0,3.0,3.0,3.0,3.0,3.0,3.0,3.0,3.0,3.0,3.0,3.0,3.0,3.0,3.0,3.0,3.0,3.0,3.0,3.0,3.0,3.0,3.0,3.0,3.0,3.0
GWO,F19,0.14,9.95754636212709e-06,0.0015065894126009116,-3.51,-3.61,-3.67,-3.73,-3.75,-3.77,-3.78,-3.79,-3.8,-3.81,-3.81,-3.81,-3.81,-3.82,-3.82,-3.83,-3.83,-3.83,-3.83,-3.84,-3.84,-3.84,-3.84,-3.84,-3.84,-3.84,-3.84,-3.84,-3.85,-3.85,-3.85,-3.85,-3.85,-3.85,-3.85,-3.85,-3.85,-3.85,-3.85,-3.85,-3.85,-3.85,-3.86,-3.86,-3.86,-3.86,-3.86,-3.86,-3.86,-3.86,-3.86,-3.86,-3.86,-3.86,-3.86,-3.86,-3.86,-3.86,-3.86,-3.86,-3.86,-3.86,-3.86,-3.86,-3.86,-3.86,-3.86,-3.86,-3.86,-3.86,-3.86,-3.86,-3.86,-3.86,-3.86,-3.86,-3.86,-3.86,-3.86,-3.86,-3.86,-3.86,-3.86,-3.86,-3.86,-3.86,-3.86,-3.86,-3.86,-3.86,-3.86,-3.86,-3.86,-3.86,-3.86,-3.86,-3.86,-3.86,-3.86,-3.86
GWO,F20,0.23,0.00038474606966643066,0.05879322473564548,-1.95,-2.33,-2.59,-2.74,-2.78,-2.85,-2.89,-2.91,-2.99,-3.0,-3.01,-3.03,-3.04,-3.05,-3.07,-3.08,-3.09,-3.09,-3.1,-3.12,-3.13,-3.13,-3.14,-3.14,-3.14,-3.15,-3.15,-3.15,-3.15,-3.16,-3.16,-3.17,-3.17,-3.18,-3.18,-3.18,-3.19,-3.19,-3.2,-3.2,-3.2,-3.2,-3.2,-3.2,-3.21,-3.21,-3.21,-3.21,-3.22,-3.22,-3.22,-3.22,-3.22,-3.22,-3.23,-3.23,-3.23,-3.23,-3.23,-3.23,-3.23,-3.23,-3.24,-3.24,-3.24,-3.24,-3.24,-3.24,-3.24,-3.24,-3.24,-3.25,-3.25,-3.25,-3.25,-3.25,-3.25,-3.25,-3.25,-3.26,-3.26,-3.26,-3.26,-3.26,-3.26,-3.26,-3.26,-3.26,-3.26,-3.26,-3.26,-3.26,-3.26,-3.26,-3.26,-3.26,-3.26,-3.26,-3.26,-3.26
GWO,F21,0.29,0.0013526356425206387,2.269035890875232,-0.67,-0.75,-0.91,-1.0,-1.07,-1.1,-1.2,-1.37,-1.45,-1.58,-1.73,-1.74,-1.81,-1.89,-1.9,-2.07,-2.07,-2.13,-2.19,-2.2,-2.21,-2.23,-2.31,-2.38,-2.38,-2.42,-2.42,-2.42,-2.43,-2.5,-2.51,-2.53,-2.66,-2.8,-2.89,-2.89,-2.94,-2.94,-2.97,-3.04,-3.23,-3.26,-3.3,-3.3,-3.33,-3.53,-3.57,-3.75,-3.9,-4.11,-4.29,-4.31,-4.37,-4.42,-4.51,-4.6,-4.66,-4.72,-4.78,-4.99,-5.0,-5.11,-5.16,-5.16,-5.22,-5.29,-5.37,-5.46,-5.62,-5.63,-5.66,-5.75,-5.81,-5.88,-5.97,-6.23,-6.28,-6.41,-6.56,-6.61,-6.76,-6.91,-7.0,-7.09,-7.26,-7.27,-7.28,-7.33,-7.44,-7.48,-7.55,-7.57,-7.61,-7.69,-7.74,-7.78,-7.82,-7.86,-7.88,-7.88
GWO,F22,0.36,0.00017084951872092802,0.705221489203754,-0.98,-1.12,-1.3,-1.44,-1.53,-1.66,-1.75,-1.95,-2.19,-2.29,-2.41,-2.52,-2.53,-2.57,-2.62,-2.66,-2.75,-2.95,-3.04,-3.09,-3.13,-3.21,-3.23,-3.24,-3.26,-3.4,-3.59,-3.79,-3.9,-3.93,-4.17,-4.36,-4.47,-4.47,-4.54,-4.62,-4.68,-4.7,-4.7,-4.89,-5.04,-5.11,-5.12,-5.18,-5.24,-5.29,-5.42,-5.55,-5.56,-6.09,-6.26,-6.34,-6.43,-6.43,-6.44,-6.52,-6.59,-6.63,-6.76,-6.77,-6.93,-7.23,-7.28,-7.39,-7.46,-7.49,-7.51,-7.64,-7.65,-7.65,-7.72,-7.8,-7.83,-7.88,-7.9,-8.02,-8.22,-8.28,-8.36,-8.52,-8.57,-8.58,-8.72,-8.82,-8.89,-8.93,-9.01,-9.07,-9.16,-9.27,-9.31,-9.43,-9.47,-9.5,-9.55,-9.57,-9.63,-9.66,-9.69,-9.7
GWO,F23,0.45,0.0005167934846319611,0.6332432153638036,-0.99,-1.23,-1.44,-1.56,-1.6,-1.66,-1.72,-1.77,-1.87,-2.0,-2.08,-2.11,-2.23,-2.25,-2.38,-2.38,-2.42,-2.57,-2.87,-3.07,-3.11,-3.18,-3.2,-3.24,-3.26,-3.54,-3.64,-3.89,-3.91,-3.97,-3.98,-4.07,-4.22,-4.32,-4.39,-4.46,-4.74,-4.81,-4.89,-4.91,-4.92,-4.92,-4.93,-4.96,-5.03,-5.12,-5.2,-5.34,-5.55,-5.62,-5.64,-5.72,-5.77,-5.91,-6.0,-6.22,-6.34,-6.41,-6.49,-6.54,-6.56,-6.6,-6.63,-6.99,-7.12,-7.15,-7.15,-7.19,-7.39,-7.46,-7.62,-7.7,-7.77,-7.81,-7.92,-7.98,-8.15,-8.29,-8.39,-8.54,-8.59,-8.79,-8.91,-8.96,-8.99,-9.09,-9.15,-9.23,-9.31,-9.39,-9.46,-9.57,-9.62,-9.66,-9.7,-9.77,-9.83,-9.86,-9.9,-9.9
WOA,F1,0.56,497.3511588138588,1087.0934613232987,68297.27,66954.88,66357.46,64780.75,64291.72,63358.01,61840.03,60460.03,59184.82,58627.79,57501.5,56908.58,56468.32,54749.73,53825.47,53340.2,52147.74,49979.46,48059.37,46772.21,45787.06,45086.09,43452.25,42336.47,41705.52,40189.32,39789.19,38481.99,36957.65,36808.02,35620.03,34906.49,34527.46,34045.58,33450.96,32778.46,32227.7,31552.48,30886.59,30639.7,29560.65,29054.64,28145.09,27398.28,26929.89,26600.0,25920.61,25212.81,24223.89,23260.21,22805.7,21866.52,21161.29,20765.33,20370.8,19545.69,19220.61,18459.39,17393.89,16722.46,16315.21,15915.34,15391.52,14562.58,13781.86,13094.27,12310.38,11885.7,11123.93,10468.5,10098.6,9522.66,8870.25,8487.98,7898.2,7311.37,7012.56,6768.17,6491.46,6180.81,5865.37,5530.21,5151.96,4601.72,4065.31,3554.06,3170.76,2829.07,2534.56,2264.94,2062.98,1890.02,1734.37,1575.77,1475.24,1385.23,1296.24,1216.54,1146.57,1087.09
WOA,F2,0.57,7.049955500537856,13.820694413935694,3195773022798.27,1659098802775.1,1460711403680.4,1222121541740.76,864022145370.6,634726332091.85,630946614432.42,103407872257.88,94347569617.86,75059672967.18,38163559159.41,24846323566.23,15137556341.52,15069894317.3,15058183377.34,9045635576.85,6489082914.49,4489307143.33,3576802565.42,1241576823.38,1239042403.15,770936717.55,693219032.57,692859615.76,690436490.6,670317517.39,670313015.21,669611681.13,548224478.37,174186807.71,172934653.12,172925553.14,172913946.04,172713320.78,172686221.89,1283296.81,216848.16,215003.21,214357.66,204201.18,204037.04,25945.55,25922.45,25918.18,24737.91,16818.31,15836.77,15791.01,15700.73,15394.5,15251.43,15248.72,15238.4,5364.7,3902.72,3893.54,3890.44,1444.64,1440.08,182.38,125.12,123.49,118.91,113.91,110.89,107.92,70.79,68.91,66.83,64.47,63.56,61.74,60.59,54.21,51.68,49.79,48.13,45.75,43.64,42.08,40.29,38.75,36.34,34.09,31.19,28.67,26.7,24.77,22.7,21.13,19.85,18.73,17.87,17.22,16.52,15.88,15.22,14.65,14.2,13.82
WOA,F3,0.73,6091.021126277683,14313.509480028795,137399.18,131397.52,120073.75,109771.23,105273.99,99839.31,97563.42,94018.35,93034.3,90633.2,88283.52,86043.19,84648.3,83207.75,82211.88,81343.21,80181.92,78991.69,78398.93,74838.13,73886.73,73091.98,72486.28,72239.28,71686.83,70620.29,70213.61,68980.03,67673.66,67575.5,66800.54,65275.53,64963.03,64054.33,63622.41,62991.32,62171.35,61781.3,60931.88,59910.08,59732.37,59379.89,59127.17,58899.57,58079.3,57801.46,56792.85,56696.33,56226.73,55821.29,55622.04,54897.27,53723.04,52918.89,51894.6,51633.46,50998.63,50423.18,49924.39,49132.63,47767.79,46890.58,46290.19,45170.38,44117.61,43131.74,42664.17,42262.54,41373.44,40383.78,39812.21,39175.87,38312.24,37605.33,36993.07,36334.05,35533.43,34854.38,33621.02,33239.57,32488.0,31058.56,29704.91,27844.64,26322.67,24365.49,23179.48,22089.6,20769.48,19751.73,18737.54,17844.8,17101.78,16432.83,15902.79,15488.36,15125.88,14747.75,14520.67,14313.51
WOA,F4,0.56,19.343936408535182,37.36725437074933,88.93,88.86,88.81,88.46,88.25,87.69,87.13,86.78,86.53,86.24,86.03,85.52,84.81,84.4,84.26,84.09,83.29,82.96,82.7,82.57,82.25,81.87,81.65,81.55,81.27,81.03,80.67,80.35,80.21,80.17,80.08,79.9,79.77,79.27,78.96,78.64,78.41,77.96,77.78,77.74,77.47,77.24,76.6,76.47,76.02,75.58,75.32,75.14,74.28,73.72,73.07,72.81,72.26,71.79,71.44,71.13,70.89,70.4,70.11,69.55,69.12,68.34,67.66,67.05,66.79,66.33,65.63,65.48,64.74,64.17,63.75,63.09,61.97,61.13,60.35,59.6,59.25,58.28,57.59,56.66,55.55,54.49,53.09,51.7,50.12,48.56,46.97,45.65,44.42,43.51,42.42,41.59,40.89,40.15,39.41,38.58,38.13,37.75,37.5,37.37
WOA,F5,0.57,764.3261951339111,3364.433959871176,3063023.57,3034624.83,3004335.97,2930356.1,2886281.8,2836246.59,2766849.54,2712969.94,2634565.72,2563186.06,2474799.61,2411623.48,2330580.08,2261576.06,2238132.71,2148345.4,2038492.76,1984628.71,1943930.13,1864787.04,1770769.27,1708256.56,1664757.85,1610086.25,1565696.67,1538740.25,1521576.55,1491220.83,1425991.29,1361120.95,1283488.83,1268859.97,1221146.72,1158080.85,1110811.39,1050845.81,995057.18,943919.32,885243.19,856181.34,833066.03,801563.8,770450.66,726285.98,687687.1,656717.53,636567.71,599371.51,557474.73,523387.49,509577.89,461614.42,411946.71,387955.42,383670.04,374537.71,350051.53,330887.7,307867.24,299727.29,273336.11,251419.65,239854.08,227914.47,197395.43,194496.07,182793.8,167346.96,155489.19,134833.24,116156.86,101670.08,94884.76,89841.3,84006.56,75086.69,64711.73,58978.21,55895.85,49923.2,44889.94,41498.03,36884.92,31312.39,24517.97,19597.07,15950.15,13243.65,11090.4,9256.71,7890.01,6949.38,6119.57,5440.79,4928.07,4412.77,4118.34,3813.24,3574.85,3364.43
WOA,F6,0.56,324.58487360566414,881.4995958430031,67702.62,66572.17,66281.93,64349.86,63223.06,61929.18,60952.99,60004.73,58932.57,58027.91,56091.41,54063.27,53309.67,52046.15,50955.57,49867.81,47957.57,46507.23,44430.75,42914.03,41798.62,41228.77,40549.3,40005.87,38721.23,37707.49,37148.81,35929.63,35172.97,34631.29,34080.41,33604.02,32643.04,32059.25,31911.46,31678.72,30452.92,29980.57,29686.97,29385.44,28732.92,28131.49,27476.24,26832.55,25925.78,24874.67,24370.98,23483.94,23128.76,22172.46,21547.33,20860.2,20421.1,19568.08,19084.27,18328.57,17408.94,16825.65,16195.14,15391.83,14970.67,14381.22,13351.43,12857.27,12361.84,11965.43,11488.35,10781.98,10115.68,9747.05,9306.61,8857.63,8362.87,7981.66,7491.49,6984.81,6584.86,6058.6,5739.27,5362.55,5085.87,4721.74,4119.38,3678.97,3228.93,2811.15,2446.92,2158.09,1960.99,1751.23,1582.56,1439.3,1314.07,1211.63,1127.99,1068.08,1007.69,962.11,922.61,881.5
WOA,F7,0.54,0.25104863630713764,0.7592131762226795,127.63,126.39,120.01,114.5,108.98,106.26,104.64,101.42,100.17,96.1,93.12,89.02,87.88,84.91,83.22,81.87,81.09,79.7,76.63,74.39,73.04,71.33,69.25,67.81,65.2,59.72,58.26,57.65,55.54,53.71,52.3,50.76,48.81,45.33,42.68,41.89,38.21,37.84,37.43,36.41,35.27,34.08,32.9,31.96,30.85,30.28,29.4,28.46,26.75,25.07,23.63,22.9,21.33,20.44,18.99,18.27,17.08,15.57,14.66,13.97,13.51,12.72,11.96,10.53,10.11,9.5,9.16,8.57,8.13,7.56,7.26,6.77,6.35,5.88,5.23,4.8,4.45,3.99,3.73,3.27,3.02,2.75,2.47,2.13,1.87,1.66,1.44,1.31,1.19,1.08,1.03,0.96,0.91,0.87,0.84,0.81,0.79,0.78,0.77,0.76
WOA,F8,0.56,3965.3172988663428,4934.848452423309,-2449.95,-2734.03,-2874.57,-3018.09,-3163.76,-3400.97,-3507.29,-3650.8,-3767.1,-3850.64,-3916.84,-3986.69,-4150.17,-4180.21,-4257.82,-4310.25,-4350.56,-4377.18,-4451.33,-4485.07,-4555.29,-4585.18,-4645.97,-4698.13,-4713.22,-4759.78,-4795.94,-4867.62,-4878.75,-4905.92,-4930.53,-4961.68,-5023.91,-5041.05,-5050.48,-5062.35,-5062.42,-5077.32,-5110.63,-5138.5,-5181.69,-5207.75,-5253.68,-5256.16,-5268.05,-5311.94,-5324.02,-5365.68,-5403.94,-5428.62,-5454.37,-5467.85,-5489.82,-5515.52,-5572.25,-5581.92,-5598.14,-5627.03,-5668.37,-5693.3,-5739.25,-5753.94,-5766.55,-5779.45,-5837.16,-5858.89,-5893.3,-5909.54,-5918.4,-5938.28,-5957.52,-5959.79,-5977.28,-6003.77,-6040.31,-6055.75,-6092.06,-6140.02,-6166.67,-6187.76,-6209.3,-6242.28,-6264.51,-6333.37,-6374.02,-6418.46,-6468.55,-6533.37,-6628.75,-6682.81,-6749.1,-6866.84,-6949.9,-7056.94,-7148.56,-7267.8,-7348.11,-7457.42,-7545.12,-7634.65
WOA,F9,0.53,115.10848576454583,201.43780808551483,442.64,438.03,432.17,428.24,424.4,419.94,417.39,415.17,410.6,405.15,403.93,402.75,402.21,400.07,400.07,399.24,397.52,394.43,394.19,387.67,385.5,381.35,381.19,379.01,377.29,373.79,371.94,370.62,370.61,370.01,369.51,367.31,367.15,365.06,364.42,362.7,362.42,362.2,360.19,358.37,358.37,354.71,354.07,352.88,350.17,348.71,347.0,345.25,345.05,344.05,343.43,341.72,341.25,339.19,337.04,336.15,335.2,332.9,332.81,329.7,328.74,327.33,326.71,325.1,324.2,324.06,323.73,323.03,321.83,321.41,318.68,314.59,313.45,309.71,307.9,306.28,304.7,304.2,300.1,296.84,294.01,291.38,288.16,282.47,278.54,273.95,268.84,261.15,253.43,247.67,241.24,235.73,231.49,225.69,221.03,215.48,211.37,207.27,203.18,201.44
WOA,F10,0.57,5.6213174894692735,17.46834423810233,20.63,20.57,20.5,20.45,20.45,20.42,20.41,20.4,20.38,20.35,20.34,20.33,20.33,20.31,20.3,20.29,20.29,20.29,20.28,20.28,20.27,20.27,20.25,20.24,20.24,20.23,20.22,20.22,20.21,20.21,20.21,20.21,20.19,20.19,20.19,20.19,20.17,20.15,20.13,20.11,20.11,20.08,20.07,20.05,20.04,20.02,20.01,20.01,20.01,19.99,19.95,19.95,19.93,19.91,19.88,19.87,19.82,19.81,19.79,19.75,19.67,19.61,19.58,19.54,19.53,19.49,19.45,19.34,19.34,19.32,19.3,19.26,19.2,19.18,19.1,19.08,18.98,18.96,18.92,18.84,18.79,18.69,18.61,18.48,18.36,18.27,18.14,18.07,17.97,17.88,17.82,17.78,17.72,17.65,17.59,17.57,17.53,17.51,17.49,17.47
WOA,F11,0.58,3.3699261473660185,9.924104440196775,613.96,611.93,606.56,591.68,575.16,566.58,558.36,548.55,537.08,525.29,519.1,513.63,505.37,498.04,490.63,489.49,480.16,473.47,463.86,449.68,445.56,431.3,426.13,418.34,412.94,405.88,402.56,398.2,386.2,378.87,367.6,355.04,348.17,336.94,332.72,325.38,317.83,311.3,292.39,287.78,275.83,265.02,257.77,250.4,246.4,242.3,240.53,236.85,225.13,218.73,214.68,206.98,200.35,189.96,180.06,175.1,168.21,158.02,154.71,145.5,138.8,131.7,127.59,121.31,115.22,107.58,104.24,98.35,93.27,89.14,86.07,79.84,76.79,70.23,67.44,65.69,62.56,59.04,55.93,53.14,50.79,47.35,42.9,38.32,33.98,30.44,26.48,23.63,21.41,19.58,17.7,16.27,14.84,13.85,12.93,12.16,11.44,10.73,10.29,9.92
WOA,F12,0.62,11.75384824059734,3012.2187312276205,585747976.96,561539454.96,561159079.91,551262364.33,544480726.88,523444482.52,505515758.75,493178994.65,476841704.74,472650621.83,449172995.53,428591423.45,414813190.48,406338989.44,396647211.8,381760306.22,370195492.94,350793215.91,339314993.79,329820194.33,315202664.1,302782955.95,287582507.65,282703142.67,267964516.79,258125197.67,251445954.81,245351793.38,235744749.95,231344071.9,216926600.39,204306859.99,199947621.36,192124534.2,189745108.32,186353858.88,180591260.39,172823848.1,163353295.48,156774249.84,149246055.32,139471978.26,129957131.11,121125587.88,115774193.84,107451861.37,100045515.46,95105824.89,89121874.48,86292375.56,76890984.41,74763417.48,68827501.6,63947140.34,60202547.03,54676714.96,51086271.73,45649388.62,44858620.7,41147471.19,36394795.25,34541840.36,32770969.29,30097871.46,24157388.67,21669192.03,21021339.61,19262916.87,16373392.66,14140514.34,13350117.77,12186708.5,11161171.16,8840705.14,7295535.24,6151531.27,5535495.62,4867703.67,4300120.03,3886411.23,3425177.23,2541801.22,1796837.94,1215520.82,743445.35,473328.84,311637.97,199550.44,129966.12,73142.32,59821.18,42181.69,28513.44,21466.15,13974.07,10357.7,7275.04,6137.58,3813.04,3012.22
WOA,F13,0.64,1815.4649146569996,109697.63678139837,1088903488.37,1044060852.79,1026585213.8,1006554534.98,960686208.91,938219048.66,906158272.36,893593173.25,861816202.7,847204526.66,837462339.33,819686619.5,796341732.24,776727978.84,739975640.35,724459984.22,706692269.1,685434638.69,669374705.2,649173321.88,641934055.2,603610205.16,586302000.14,565883809.51,553254759.97,540385987.25,509712689.52,489301883.5,478885417.0,462762444.36,436773239.12,400334257.93,395281194.7,382878050.19,361933711.88,355119111.82,344461364.23,331990590.55,314943792.4,306073835.66,287526499.32,269497421.41,249821998.02,233239322.46,212944639.81,206101962.6,197169149.66,193659649.67,181828412.83,169621414.53,160649778.2,151675299.97,147158088.42,135492640.29,123483505.94,114706625.06,112596703.43,105834014.08,95820295.63,84097126.12,79525473.48,74912196.92,69982802.12,61584796.22,55882136.25,53330580.06,48935016.25,43286897.38,38624461.28,36165508.61,33236235.06,29965435.64,27426111.05,24094818.6,21953748.23,19680708.65,17832432.48,15691961.17,13401778.2,10934330.79,9077069.61,7716611.68,6570401.47,4470039.24,3250571.13,2416464.3,1741823.02,1238737.01,924839.58,712278.71,542049.2,413339.3,339941.06,277550.89,230039.65,190727.98,162862.91,141014.24,122838.8,109697.64
WOA,F14,0.55,3.837795841343805e-06,0.7883357297264197,83.0,47.91,22.65,16.85,12.47,11.24,10.21,9.11,8.16,6.97,6.35,5.87,5.47,5.26,4.99,4.29,3.89,3.86,3.76,3.69,3.63,3.56,3.56,3.56,3.46,3.1,3.09,2.91,2.91,2.71,2.7,2.51,2.51,2.3,2.29,2.26,2.25,2.25,2.25,2.25,2.09,2.04,2.03,2.03,2.02,2.02,2.0,1.93,1.92,1.92,1.92,1.92,1.92,1.92,1.92,1.89,1.85,1.85,1.82,1.79,1.79,1.79,1.79,1.79,1.79,1.79,1.79,1.79,1.79,1.79,1.79,1.79,1.79,1.79,1.79,1.79,1.79,1.79,1.79,1.79,1.79,1.79,1.79,1.79,1.79,1.79,1.79,1.79,1.79,1.79,1.79,1.79,1.79,1.79,1.79,1.79,1.79,1.79,1.79,1.79
WOA,F15,0.12,3.499558086448684e-05,0.0030963400111504416,0.06,0.04,0.03,0.03,0.02,0.02,0.02,0.02,0.01,0.01,0.01,0.01,0.01,0.01,0.01,0.01,0.01,0.01,0.01,0.01,0.01,0.01,0.01,0.01,0.01,0.01,0.01,0.01,0.01,0.01,0.01,0.01,0.01,0.01,0.01,0.01,0.01,0.01,0.01,0.01,0.01,0.0,0.0,0.0,0.0,0.0,0.0,0.0,0.0,0.0,0.0,0.0,0.0,0.0,0.0,0.0,0.0,0.0,0.0,0.0,0.0,0.0,0.0,0.0,0.0,0.0,0.0,0.0,0.0,0.0,0.0,0.0,0.0,0.0,0.0,0.0,0.0,0.0,0.0,0.0,0.0,0.0,0.0,0.0,0.0,0.0,0.0,0.0,0.0,0.0,0.0,0.0,0.0,0.0,0.0,0.0,0.0,0.0,0.0,0.0
WOA,F16,0.07,1.1546598474465597e-05,1.1572629042722049e-05,-0.43,-0.72,-0.88,-0.92,-0.99,-1.0,-1.01,-1.02,-1.02,-1.02,-1.02,-1.03,-1.03,-1.03,-1.03,-1.03,-1.03,-1.03,-1.03,-1.03,-1.03,-1.03,-1.03,-1.03,-1.03,-1.03,-1.03,-1.03,-1.03,-1.03,-1.03,-1.03,-1.03,-1.03,-1.03,-1.03,-1.03,-1.03,-1.03,-1.03,-1.03,-1.03,-1.03,-1.03,-1.03,-1.03,-1.03,-1.03,-1.03,-1.03,-1.03,-1.03,-1.03,-1.03,-1.03,-1.03,-1.03,-1.03,-1.03,-1.03,-1.03,-1.03,-1.03,-1.03,-1.03,-1.03,-1.03,-1.03,-1.03,-1.03,-1.03,-1.03,-1.03,-1.03,-1.03,-1.03,-1.03,-1.03,-1.03,-1.03,-1.03,-1.03,-1.03,-1.03,-1.03,-1.03,-1.03,-1.03,-1.03,-1.03,-1.03,-1.03,-1.03,-1.03,-1.03,-1.03,-1.03,-1.03,-1.03,-1.03
WOA,F17,0.07,4.702040862225587e-07,4.072472308188265e-06,1.29,1.04,0.87,0.7,0.65,0.61,0.55,0.51,0.5,0.5,0.49,0.43,0.43,0.43,0.41,0.41,0.41,0.41,0.4,0.4,0.4,0.4,0.4,0.4,0.4,0.4,0.4,0.4,0.4,0.4,0.4,0.4,0.4,0.4,0.4,0.4,0.4,0.4,0.4,0.4,0.4,0.4,0.4,0.4,0.4,0.4,0.4,0.4,0.4,0.4,0.4,0.4,0.4,0.4,0.4,0.4,0.4,0.4,0.4,0.4,0.4,0.4,0.4,0.4,0.4,0.4,0.4,0.4,0.4,0.4,0.4,0.4,0.4,0.4,0.4,0.4,0.4,0.4,0.4,0.4,0.4,0.4,0.4,0.4,0.4,0.4,0.4,0.4,0.4,0.4,0.4,0.4,0.4,0.4,0.4,0.4,0.4,0.4,0.4,0.4
WOA,F18,0.07,1.740354527157706e-10,1.4574116489344627e-05,32.93,22.49,17.76,14.23,11.21,6.5,4.53,3.92,3.28,3.2,3.16,3.13,3.1,3.07,3.07,3.04,3.03,3.03,3.02,3.01,3.01,3.01,3.01,3.01,3.0,3.0,3.0,3.0,3.0,3.0,3.0,3.0,3.0,3.0,3.0,3.0,3.0,3.0,3.0,3.0,3.0,3.0,3.0,3.0,3.0,3.0,3.0,3.0,3.0,3.0,3.0,3.0,3.0,3.0,3.0,3.0,3.0,3.0,3.0,3.0,3.0,3.0,3.0,3.0,3.0,3.0,3.0,3.0,3.0,3.0,3.0,3.0,3.0,3.0,3.0,3.0,3.0,3.0,3.0,3.0,3.0,3.0,3.0,3.0,3.0,3.0,3.0,3.0,3.0,3.0,3.0,3.0,3.0,3.0,3.0,3.0,3.0,3.0,3.0,3.0
WOA,F19,0.13,2.5555297082924255e-06,0.0033946478758547284,-3.47,-3.6,-3.64,-3.71,-3.79,-3.81,-3.82,-3.83,-3.83,-3.84,-3.84,-3.84,-3.84,-3.85,-3.85,-3.85,-3.85,-3.85,-3.85,-3.86,-3.86,-3.86,-3.86,-3.86,-3.86,-3.86,-3.86,-3.86,-3.86,-3.86,-3.86,-3.86,-3.86,-3.86,-3.86,-3.86,-3.86,-3.86,-3.86,-3.86,-3.86,-3.86,-3.86,-3.86,-3.86,-3.86,-3.86,-3.86,-3.86,-3.86,-3.86,-3.86,-3.86,-3.86,-3.86,-3.86,-3.86,-3.86,-3.86,-3.86,-3.86,-3.86,-3.86,-3.86,-3.86,-3.86,-3.86,-3.86,-3.86,-3.86,-3.86,-3.86,-3.86,-3.86,-3.86,-3.86,-3.86,-3.86,-3.86,-3.86,-3.86,-3.86,-3.86,-3.86,-3.86,-3.86,-3.86,-3.86,-3.86,-3.86,-3.86,-3.86,-3.86,-3.86,-3.86,-3.86,-3.86,-3.86,-3.86,-3.86
WOA,F20,0.19,0.0005115973838369925,0.17883000927749085,-1.97,-2.15,-2.31,-2.49,-2.59,-2.69,-2.74,-2.83,-2.85,-2.87,-2.92,-2.95,-2.97,-2.98,-3.0,-3.01,-3.02,-3.03,-3.04,-3.05,-3.05,-3.05,-3.06,-3.06,-3.06,-3.08,-3.08,-3.09,-3.09,-3.1,-3.1,-3.1,-3.11,-3.11,-3.11,-3.11,-3.11,-3.11,-3.11,-3.11,-3.11,-3.12,-3.12,-3.12,-3.12,-3.12,-3.12,-3.12,-3.12,-3.12,-3.12,-3.12,-3.12,-3.12,-3.12,-3.13,-3.13,-3.13,-3.13,-3.13,-3.13,-3.13,-3.13,-3.13,-3.14,-3.14,-3.14,-3.14,-3.14,-3.14,-3.14,-3.14,-3.14,-3.14,-3.14,-3.14,-3.14,-3.14,-3.14,-3.14,-3.14,-3.14,-3.14,-3.14,-3.14,-3.14,-3.14,-3.14,-3.14,-3.14,-3.14,-3.14,-3.14,-3.14,-3.14,-3.14,-3.14,-3.14,-3.14,-3.14
WOA,F21,0.28,0.000986043841722406,4.022327069438767,-0.73,-0.93,-1.01,-1.18,-1.29,-1.5,-1.77,-2.06,-2.19,-2.39,-2.54,-2.76,-3.02,-3.08,-3.2,-3.57,-3.62,-3.76,-3.79,-3.95,-3.99,-4.07,-4.17,-4.27,-4.3,-4.3,-4.32,-4.33,-4.42,-4.49,-4.69,-4.79,-4.83,-4.87,-4.91,-4.94,-5.04,-5.09,-5.1,-5.13,-5.17,-5.18,-5.18,-5.18,-5.21,-5.22,-5.23,-5.27,-5.3,-5.39,-5.4,-5.4,-5.43,-5.43,-5.44,-5.45,-5.45,-5.45,-5.47,-5.54,-5.57,-5.6,-5.63,-5.68,-5.72,-5.73,-5.73,-5.73,-5.75,-5.85,-5.9,-5.92,-5.92,-5.92,-5.93,-5.99,-6.0,-6.04,-6.06,-6.06,-6.06,-6.06,-6.08,-6.08,-6.08,-6.09,-6.09,-6.1,-6.1,-6.1,-6.1,-6.11,-6.11,-6.11,-6.11,-6.12,-6.13,-6.13,-6.13,-6.13
WOA,F22,0.33,0.0008633743009855976,3.5769131232836457,-0.92,-1.08,-1.23,-1.38,-1.6,-1.7,-1.98,-2.14,-2.42,-2.53,-2.68,-2.77,-2.83,-2.93,-3.07,-3.2,-3.35,-3.47,-3.65,-3.85,-3.89,-4.05,-4.19,-4.36,-4.43,-4.53,-4.54,-4.64,-4.67,-4.69,-4.88,-4.91,-4.91,-4.91,-4.92,-5.02,-5.03,-5.06,-5.15,-5.16,-5.18,-5.29,-5.33,-5.48,-5.54,-5.54,-5.58,-5.64,-5.7,-5.73,-5.79,-5.82,-5.91,-6.02,-6.02,-6.05,-6.06,-6.1,-6.13,-6.13,-6.14,-6.23,-6.23,-6.24,-6.25,-6.27,-6.3,-6.32,-6.33,-6.36,-6.38,-6.41,-6.49,-6.5,-6.5,-6.55,-6.56,-6.6,-6.62,-6.63,-6.65,-6.65,-6.66,-6.66,-6.7,-6.73,-6.74,-6.75,-6.76,-6.77,-6.79,-6.79,-6.79,-6.79,-6.8,-6.81,-6.82,-6.82,-6.82,-6.83
WOA,F23,0.42,0.001241428786004306,4.407704889584238,-0.96,-1.11,-1.31,-1.45,-1.6,-1.7,-2.08,-2.28,-2.6,-2.85,-2.99,-3.05,-3.33,-3.35,-3.52,-3.62,-3.65,-3.78,-3.81,-3.95,-4.02,-4.04,-4.15,-4.18,-4.29,-4.34,-4.48,-4.5,-4.56,-4.66,-4.74,-4.76,-4.86,-4.87,-4.87,-4.95,-4.98,-5.05,-5.11,-5.14,-5.17,-5.27,-5.31,-5.32,-5.32,-5.32,-5.36,-5.38,-5.39,-5.39,-5.4,-5.42,-5.45,-5.58,-5.6,-5.67,-5.67,-5.7,-5.71,-5.73,-5.73,-5.75,-5.76,-5.8,-5.8,-5.8,-5.81,-5.88,-5.94,-5.95,-5.95,-5.96,-5.96,-6.0,-6.02,-6.04,-6.05,-6.06,-6.07,-6.07,-6.08,-6.09,-6.09,-6.1,-6.1,-6.1,-6.1,-6.1,-6.11,-6.11,-6.11,-6.11,-6.11,-6.12,-6.12,-6.12,-6.12,-6.12,-6.13,-6.13
HHO,F1,0.05,1.8883328799626994e-30,2.8699844828860173e-16,19691.06,3400.27,1084.41,287.43,105.06,36.2,13.99,3.58,1.92,0.52,0.21,0.11,0.07,0.06,0.04,0.03,0.02,0.01,0.01,0.01,0.0,0.0,0.0,0.0,0.0,0.0,0.0,0.0,0.0,0.0,0.0,0.0,0.0,0.0,0.0,0.0,0.0,0.0,0.0,0.0,0.0,0.0,0.0,0.0,0.0,0.0,0.0,0.0,0.0,0.0,0.0,0.0,0.0,0.0,0.0,0.0,0.0,0.0,0.0,0.0,0.0,0.0,0.0,0.0,0.0,0.0,0.0,0.0,0.0,0.0,0.0,0.0,0.0,0.0,0.0,0.0,0.0,0.0,0.0,0.0,0.0,0.0,0.0,0.0,0.0,0.0,0.0,0.0,0.0,0.0,0.0,0.0,0.0,0.0,0.0,0.0,0.0,0.0,0.0,0.0
HHO,F2,0.06,1.8123273322356047e-16,7.23678200110787e-10,407066728.72,26.16,13.85,7.23,5.03,3.0,2.03,1.29,0.89,0.59,0.43,0.32,0.21,0.15,0.11,0.08,0.05,0.04,0.04,0.03,0.03,0.02,0.02,0.02,0.02,0.01,0.01,0.01,0.0,0.0,0.0,0.0,0.0,0.0,0.0,0.0,0.0,0.0,0.0,0.0,0.0,0.0,0.0,0.0,0.0,0.0,0.0,0.0,0.0,0.0,0.0,0.0,0.0,0.0,0.0,0.0,0.0,0.0,0.0,0.0,0.0,0.0,0.0,0.0,0.0,0.0,0.0,0.0,0.0,0.0,0.0,0.0,0.0,0.0,0.0,0.0,0.0,0.0,0.0,0.0,0.0,0.0,0.0,0.0,0.0,0.0,0.0,0.0,0.0,0.0,0.0,0.0,0.0,0.0,0.0,0.0,0.0,0.0,0.0,0.0
HHO,F3,0.33,6.134051289928209e-24,1.3861565544902832e-08,105931.3,61177.02,24357.06,12299.19,5124.17,3813.67,2412.38,1810.44,1377.74,646.26,388.15,320.14,225.8,209.66,168.43,103.3,98.05,61.08,50.9,40.05,33.33,24.82,17.95,10.71,8.73,2.86,2.58,1.36,0.71,0.69,0.59,0.52,0.49,0.47,0.34,0.17,0.12,0.12,0.09,0.02,0.02,0.01,0.01,0.01,0.01,0.01,0.01,0.0,0.0,0.0,0.0,0.0,0.0,0.0,0.0,0.0,0.0,0.0,0.0,0.0,0.0,0.0,0.0,0.0,0.0,0.0,0.0,0.0,0.0,0.0,0.0,0.0,0.0,0.0,0.0,0.0,0.0,0.0,0.0,0.0,0.0,0.0,0.0,0.0,0.0,0.0,0.0,0.0,0.0,0.0,0.0,0.0,0.0,0.0,0.0,0.0,0.0,0.0,0.0,0.0
HHO,F4,0.05,2.4525934573731055e-14,2.7915404543660815e-10,58.45,25.07,12.43,7.7,4.03,2.18,1.38,0.86,0.65,0.46,0.29,0.22,0.15,0.12,0.09,0.05,0.04,0.03,0.03,0.02,0.02,0.01,0.01,0.01,0.01,0.01,0.0,0.0,0.0,0.0,0.0,0.0,0.0,0.0,0.0,0.0,0.0,0.0,0.0,0.0,0.0,0.0,0.0,0.0,0.0,0.0,0.0,0.0,0.0,0.0,0.0,0.0,0.0,0.0,0.0,0.0,0.0,0.0,0.0,0.0,0.0,0.0,0.0,0.0,0.0,0.0,0.0,0.0,0.0,0.0,0.0,0.0,0.0,0.0,0.0,0.0,0.0,0.0,0.0,0.0,0.0,0.0,0.0,0.0,0.0,0.0,0.0,0.0,0.0,0.0,0.0,0.0,0.0,0.0,0.0,0.0,0.0,0.0,0.0,0.0
HHO,F5,0.07,0.00031530956492016436,0.17274295167194828,420495.03,24056.56,4092.63,834.01,147.57,77.37,36.28,30.27,23.49,19.16,16.1,12.49,10.95,8.88,7.54,4.8,3.24,1.8,1.48,1.23,1.16,1.03,1.01,0.97,0.94,0.82,0.77,0.74,0.73,0.7,0.67,0.61,0.57,0.53,0.4,0.38,0.37,0.36,0.36,0.34,0.31,0.29,0.27,0.27,0.22,0.22,0.2,0.19,0.19,0.19,0.19,0.19,0.19,0.19,0.19,0.18,0.18,0.18,0.18,0.18,0.18,0.18,0.18,0.18,0.18,0.18,0.18,0.18,0.18,0.18,0.18,0.18,0.18,0.18,0.18,0.18,0.18,0.18,0.18,0.18,0.18,0.18,0.18,0.18,0.18,0.18,0.18,0.18,0.18,0.18,0.18,0.18,0.18,0.18,0.18,0.18,0.18,0.18,0.18,0.17
HHO,F6,0.06,7.614360233359482e-07,0.0034829135454100576,19592.71,3413.25,956.23,358.77,101.12,52.06,21.58,11.22,6.76,2.64,1.58,1.14,0.69,0.56,0.41,0.28,0.25,0.22,0.17,0.13,0.11,0.1,0.08,0.07,0.06,0.06,0.05,0.05,0.04,0.04,0.03,0.02,0.02,0.02,0.02,0.02,0.02,0.01,0.01,0.01,0.01,0.01,0.01,0.01,0.01,0.01,0.01,0.01,0.01,0.01,0.01,0.01,0.0,0.0,0.0,0.0,0.0,0.0,0.0,0.0,0.0,0.0,0.0,0.0,0.0,0.0,0.0,0.0,0.0,0.0,0.0,0.0,0.0,0.0,0.0,0.0,0.0,0.0,0.0,0.0,0.0,0.0,0.0,0.0,0.0,0.0,0.0,0.0,0.0,0.0,0.0,0.0,0.0,0.0,0.0,0.0,0.0,0.0,0.0,0.0
HHO,F7,0.08,0.00015989867359447168,0.0013872138549811488,17.28,1.05,0.37,0.18,0.09,0.05,0.03,0.03,0.02,0.02,0.02,0.02,0.02,0.01,0.01,0.01,0.01,0.01,0.01,0.01,0.01,0.01,0.01,0.01,0.01,0.01,0.01,0.01,0.0,0.0,0.0,0.0,0.0,0.0,0.0,0.0,0.0,0.0,0.0,0.0,0.0,0.0,0.0,0.0,0.0,0.0,0.0,0.0,0.0,0.0,0.0,0.0,0.0,0.0,0.0,0.0,0.0,0.0,0.0,0.0,0.0,0.0,0.0,0.0,0.0,0.0,0.0,0.0,0.0,0.0,0.0,0.0,0.0,0.0,0.0,0.0,0.0,0.0,0.0,0.0,0.0,0.0,0.0,0.0,0.0,0.0,0.0,0.0,0.0,0.0,0.0,0.0,0.0,0.0,0.0,0.0,0.0,0.0,0.0,0.0
HHO,F8,0.06,0.03457194084512594,426.20871238901896,-2726.1,-3699.25,-4382.54,-5206.37,-6354.87,-7070.6,-7926.01,-8573.32,-9099.48,-9521.74,-9719.7,-9995.49,-10165.02,-10409.94,-10585.04,-10690.02,-10794.62,-10890.72,-10900.8,-10940.63,-11044.05,-11073.58,-11077.45,-11086.59,-11185.96,-11208.99,-11215.06,-11329.96,-11482.89,-11581.6,-11615.31,-11702.22,-11749.89,-11763.05,-11767.96,-11768.71,-11770.42,-11771.96,-11773.87,-11774.56,-11774.58,-11781.52,-11784.76,-11835.07,-11870.67,-11882.33,-11883.58,-11884.61,-11885.96,-11887.63,-11890.79,-11893.91,-11952.97,-12012.78,-12013.54,-12131.41,-12131.62,-12131.91,-12134.73,-12135.29,-12135.47,-12136.33,-12137.11,-12137.46,-12138.05,-12138.71,-12139.0,-12139.26,-12139.71,-12139.9,-12140.06,-12140.3,-12140.58,-12140.75,-12141.0,-12141.26,-12141.53,-12141.71,-12141.81,-12141.97,-12142.09,-12142.17,-12142.38,-12142.48,-12142.6,-12142.67,-12142.73,-12142.79,-12142.84,-12142.87,-12142.9,-12142.97,-12142.99,-12143.02,-12143.11,-12143.15,-12143.2,-12143.21,-12143.26,-12143.29
HHO,F9,0.06,0.0,0.0,340.28,275.91,212.89,126.95,77.01,42.99,28.61,13.14,7.88,4.2,2.01,1.01,0.42,0.33,0.28,0.23,0.09,0.03,0.02,0.01,0.0,0.0,0.0,0.0,0.0,0.0,0.0,0.0,0.0,0.0,0.0,0.0,0.0,0.0,0.0,0.0,0.0,0.0,0.0,0.0,0.0,0.0,0.0,0.0,0.0,0.0,0.0,0.0,0.0,0.0,0.0,0.0,0.0,0.0,0.0,0.0,0.0,0.0,0.0,0.0,0.0,0.0,0.0,0.0,0.0,0.0,0.0,0.0,0.0,0.0,0.0,0.0,0.0,0.0,0.0,0.0,0.0,0.0,0.0,0.0,0.0,0.0,0.0,0.0,0.0,0.0,0.0,0.0,0.0,0.0,0.0,0.0,0.0,0.0,0.0,0.0,0.0,0.0,0.0,0.0
HHO,F10,0.08,3.9968028886505635e-15,2.3048771780054267e-10,16.83,10.75,6.97,5.25,4.12,2.87,1.93,1.18,0.82,0.48,0.27,0.2,0.14,0.1,0.08,0.06,0.02,0.02,0.01,0.01,0.01,0.01,0.01,0.0,0.0,0.0,0.0,0.0,0.0,0.0,0.0,0.0,0.0,0.0,0.0,0.0,0.0,0.0,0.0,0.0,0.0,0.0,0.0,0.0,0.0,0.0,0.0,0.0,0.0,0.0,0.0,0.0,0.0,0.0,0.0,0.0,0.0,0.0,0.0,0.0,0.0,0.0,0.0,0.0,0.0,0.0,0.0,0.0,0.0,0.0,0.0,0.0,0.0,0.0,0.0,0.0,0.0,0.0,0.0,0.0,0.0,0.0,0.0,0.0,0.0,0.0,0.0,0.0,0.0,0.0,0.0,0.0,0.0,0.0,0.0,0.0,0.0,0.0,0.0,0.0
HHO,F11,0.09,0.0,5.181040781584064e-17,182.23,25.06,8.49,4.62,2.25,1.47,1.08,0.91,0.73,0.53,0.4,0.27,0.18,0.15,0.11,0.09,0.08,0.06,0.04,0.04,0.03,0.02,0.0,0.0,0.0,0.0,0.0,0.0,0.0,0.0,0.0,0.0,0.0,0.0,0.0,0.0,0.0,0.0,0.0,0.0,0.0,0.0,0.0,0.0,0.0,0.0,0.0,0.0,0.0,0.0,0.0,0.0,0.0,0.0,0.0,0.0,0.0,0.0,0.0,0.0,0.0,0.0,0.0,0.0,0.0,0.0,0.0,0.0,0.0,0.0,0.0,0.0,0.0,0.0,0.0,0.0,0.0,0.0,0.0,0.0,0.0,0.0,0.0,0.0,0.0,0.0,0.0,0.0,0.0,0.0,0.0,0.0,0.0,0.0,0.0,0.0,0.0,0.0,0.0,0.0
HHO,F12,0.15,1.3025705963457102e-06,0.00016718276819009057,66497446.81,743410.75,19679.26,1099.65,1.56,0.6,0.34,0.23,0.1,0.08,0.05,0.03,0.01,0.01,0.01,0.01,0.01,0.01,0.0,0.0,0.0,0.0,0.0,0.0,0.0,0.0,0.0,0.0,0.0,0.0,0.0,0.0,0.0,0.0,0.0,0.0,0.0,0.0,0.0,0.0,0.0,0.0,0.0,0.0,0.0,0.0,0.0,0.0,0.0,0.0,0.0,0.0,0.0,0.0,0.0,0.0,0.0,0.0,0.0,0.0,0.0,0.0,0.0,0.0,0.0,0.0,0.0,0.0,0.0,0.0,0.0,0.0,0.0,0.0,0.0,0.0,0.0,0.0,0.0,0.0,0.0,0.0,0.0,0.0,0.0,0.0,0.0,0.0,0.0,0.0,0.0,0.0,0.0,0.0,0.0,0.0,0.0,0.0,0.0,0.0
HHO,F13,0.17,8.876712075394588e-05,0.0019336970747475567,149639125.27,2192760.76,273852.93,13093.1,6.12,3.07,1.61,0.92,0.63,0.45,0.32,0.24,0.14,0.12,0.09,0.07,0.06,0.05,0.04,0.03,0.03,0.03,0.02,0.02,0.02,0.02,0.02,0.01,0.01,0.01,0.01,0.01,0.01,0.01,0.01,0.01,0.01,0.01,0.01,0.01,0.01,0.01,0.01,0.01,0.01,0.01,0.01,0.0,0.0,0.0,0.0,0.0,0.0,0.0,0.0,0.0,0.0,0.0,0.0,0.0,0.0,0.0,0.0,0.0,0.0,0.0,0.0,0.0,0.0,0.0,0.0,0.0,0.0,0.0,0.0,0.0,0.0,0.0,0.0,0.0,0.0,0.0,0.0,0.0,0.0,0.0,0.0,0.0,0.0,0.0,0.0,0.0,0.0,0.0,0.0,0.0,0.0,0.0,0.0,0.0
HHO,F14,0.87,3.8381103780738e-06,1.0887243355003215,63.64,40.67,14.07,11.37,8.38,7.28,6.81,6.02,5.72,5.34,5.16,4.83,4.46,4.38,4.24,3.88,3.3,3.3,3.11,3.1,3.1,2.9,2.86,2.86,2.85,2.44,2.43,2.42,2.42,2.42,2.35,2.35,2.35,2.26,2.26,2.26,2.25,2.25,2.25,2.25,2.09,2.09,2.09,2.09,2.09,2.09,2.09,2.09,2.09,2.09,2.09,2.09,2.09,2.09,2.09,2.09,2.09,2.09,2.09,2.09,2.09,2.09,2.09,2.09,2.09,2.09,2.09,2.09,2.09,2.09,2.09,2.09,2.09,2.09,2.09,2.09,2.09,2.09,2.09,2.09,2.09,2.09,2.09,2.09,2.09,2.09,2.09,2.09,2.09,2.09,2.09,2.09,2.09,2.09,2.09,2.09,2.09,2.09,2.09,2.09
HHO,F15,0.08,7.587547127371817e-06,5.053003136856073e-05,0.06,0.04,0.02,0.01,0.01,0.01,0.01,0.01,0.0,0.0,0.0,0.0,0.0,0.0,0.0,0.0,0.0,0.0,0.0,0.0,0.0,0.0,0.0,0.0,0.0,0.0,0.0,0.0,0.0,0.0,0.0,0.0,0.0,0.0,0.0,0.0,0.0,0.0,0.0,0.0,0.0,0.0,0.0,0.0,0.0,0.0,0.0,0.0,0.0,0.0,0.0,0.0,0.0,0.0,0.0,0.0,0.0,0.0,0.0,0.0,0.0,0.0,0.0,0.0,0.0,0.0,0.0,0.0,0.0,0.0,0.0,0.0,0.0,0.0,0.0,0.0,0.0,0.0,0.0,0.0,0.0,0.0,0.0,0.0,0.0,0.0,0.0,0.0,0.0,0.0,0.0,0.0,0.0,0.0,0.0,0.0,0.0,0.0,0.0,0.0
HHO,F16,0.05,1.154687185378478e-05,1.2321031415070867e-05,-0.53,-0.8,-0.87,-0.95,-0.96,-0.98,-1.0,-1.01,-1.01,-1.02,-1.02,-1.02,-1.02,-1.03,-1.03,-1.03,-1.03,-1.03,-1.03,-1.03,-1.03,-1.03,-1.03,-1.03,-1.03,-1.03,-1.03,-1.03,-1.03,-1.03,-1.03,-1.03,-1.03,-1.03,-1.03,-1.03,-1.03,-1.03,-1.03,-1.03,-1.03,-1.03,-1.03,-1.03,-1.03,-1.03,-1.03,-1.03,-1.03,-1.03,-1.03,-1.03,-1.03,-1.03,-1.03,-1.03,-1.03,-1.03,-1.03,-1.03,-1.03,-1.03,-1.03,-1.03,-1.03,-1.03,-1.03,-1.03,-1.03,-1.03,-1.03,-1.03,-1.03,-1.03,-1.03,-1.03,-1.03,-1.03,-1.03,-1.03,-1.03,-1.03,-1.03,-1.03,-1.03,-1.03,-1.03,-1.03,-1.03,-1.03,-1.03,-1.03,-1.03,-1.03,-1.03,-1.03,-1.03,-1.03,-1.03,-1.03
HHO,F17,0.05,3.7587359791313446e-07,0.0037424426377023518,1.79,1.16,0.83,0.76,0.63,0.6,0.56,0.54,0.53,0.53,0.52,0.51,0.47,0.46,0.46,0.46,0.45,0.45,0.45,0.45,0.44,0.43,0.43,0.43,0.42,0.42,0.42,0.42,0.42,0.42,0.42,0.42,0.42,0.42,0.42,0.42,0.42,0.42,0.42,0.42,0.42,0.42,0.42,0.42,0.42,0.42,0.41,0.41,0.41,0.41,0.41,0.41,0.41,0.41,0.41,0.41,0.41,0.41,0.41,0.41,0.41,0.41,0.41,0.41,0.41,0.41,0.41,0.41,0.41,0.41,0.41,0.41,0.41,0.41,0.41,0.41,0.41,0.41,0.41,0.41,0.41,0.41,0.4,0.4,0.4,0.4,0.4,0.4,0.4,0.4,0.4,0.4,0.4,0.4,0.4,0.4,0.4,0.4,0.4,0.4
HHO,F18,0.06,-4.6629367034256575e-14,2.7001173725454892,16.84,9.78,7.29,6.73,6.61,6.32,6.22,6.18,6.13,6.09,6.07,6.06,6.04,6.03,6.03,6.02,6.02,6.01,6.0,5.98,5.96,5.96,5.96,5.96,5.96,5.96,5.96,5.96,5.96,5.95,5.95,5.95,5.95,5.95,5.91,5.91,5.91,5.91,5.91,5.9,5.9,5.89,5.89,5.88,5.87,5.87,5.87,5.86,5.86,5.86,5.84,5.84,5.84,5.84,5.84,5.83,5.83,5.83,5.83,5.83,5.83,5.83,5.83,5.83,5.82,5.81,5.8,5.79,5.77,5.74,5.74,5.74,5.74,5.74,5.74,5.74,5.74,5.73,5.72,5.72,5.71,5.71,5.71,5.71,5.71,5.71,5.7,5.7,5.7,5.7,5.7,5.7,5.7,5.7,5.7,5.7,5.7,5.7,5.7,5.7
HHO,F19,0.12,6.87874729785598e-05,0.0506212539312616,-3.48,-3.55,-3.57,-3.61,-3.62,-3.63,-3.64,-3.65,-3.66,-3.67,-3.68,-3.68,-3.68,-3.69,-3.69,-3.7,-3.7,-3.71,-3.71,-3.72,-3.72,-3.72,-3.72,-3.72,-3.73,-3.73,-3.73,-3.74,-3.75,-3.75,-3.75,-3.75,-3.75,-3.75,-3.76,-3.76,-3.76,-3.76,-3.76,-3.76,-3.76,-3.76,-3.76,-3.76,-3.76,-3.76,-3.76,-3.76,-3.76,-3.76,-3.76,-3.76,-3.76,-3.76,-3.76,-3.77,-3.77,-3.77,-3.77,-3.77,-3.77,-3.77,-3.77,-3.77,-3.77,-3.77,-3.77,-3.77,-3.77,-3.77,-3.77,-3.77,-3.77,-3.78,-3.78,-3.78,-3.78,-3.78,-3.78,-3.78,-3.79,-3.79,-3.79,-3.79,-3.79,-3.79,-3.79,-3.79,-3.79,-3.79,-3.8,-3.8,-3.8,-3.8,-3.8,-3.8,-3.81,-3.81,-3.81,-3.81
HHO,F20,0.13,0.0008920196485284748,0.04321316069428353,-1.81,-2.03,-2.14,-2.19,-2.24,-2.28,-2.31,-2.32,-2.33,-2.34,-2.36,-2.36,-2.37,-2.38,-2.4,-2.41,-2.42,-2.43,-2.44,-2.45,-2.47,-2.48,-2.49,-2.5,-2.51,-2.52,-2.55,-2.56,-2.59,-2.6,-2.63,-2.64,-2.66,-2.69,-2.7,-2.75,-2.75,-2.76,-2.77,-2.78,-2.79,-2.8,-2.81,-2.82,-2.83,-2.85,-2.86,-2.87,-2.88,-2.89,-2.9,-2.91,-2.91,-2.92,-2.93,-2.93,-2.94,-2.94,-2.95,-2.97,-2.98,-2.99,-3.01,-3.02,-3.03,-3.04,-3.05,-3.05,-3.06,-3.07,-3.08,-3.1,-3.1,-3.11,-3.12,-3.13,-3.14,-3.15,-3.17,-3.18,-3.19,-3.2,-3.2,-3.21,-3.22,-3.22,-3.23,-3.23,-3.24,-3.25,-3.25,-3.25,-3.26,-3.26,-3.27,-3.27,-3.27,-3.27,-3.28,-3.28
HHO,F21,0.33,0.006410057792258783,4.92955475493874,-1.09,-2.1,-2.9,-3.35,-3.78,-3.95,-4.1,-4.25,-4.36,-4.42,-4.47,-4.54,-4.57,-4.59,-4.63,-4.65,-4.73,-4.78,-4.8,-4.81,-4.84,-4.89,-4.91,-4.92,-4.93,-4.95,-4.98,-5.04,-5.05,-5.05,-5.06,-5.06,-5.06,-5.06,-5.06,-5.06,-5.07,-5.07,-5.07,-5.07,-5.08,-5.08,-5.08,-5.09,-5.09,-5.09,-5.1,-5.1,-5.1,-5.1,-5.1,-5.1,-5.11,-5.11,-5.11,-5.11,-5.11,-5.12,-5.12,-5.12,-5.12,-5.12,-5.12,-5.13,-5.14,-5.14,-5.14,-5.15,-5.15,-5.15,-5.15,-5.16,-5.16,-5.17,-5.17,-5.17,-5.18,-5.18,-5.19,-5.19,-5.19,-5.2,-5.2,-5.2,-5.21,-5.21,-5.21,-5.21,-5.21,-5.21,-5.21,-5.21,-5.21,-5.22,-5.22,-5.22,-5.22,-5.22,-5.22,-5.22
HHO,F22,0.44,0.1484753585311669,5.144183366037765,-1.22,-2.19,-2.67,-3.41,-3.66,-3.87,-4.05,-4.13,-4.2,-4.34,-4.47,-4.52,-4.56,-4.66,-4.75,-4.78,-4.81,-4.91,-4.96,-4.98,-5.0,-5.02,-5.03,-5.03,-5.04,-5.04,-5.04,-5.05,-5.05,-5.06,-5.07,-5.08,-5.09,-5.1,-5.1,-5.1,-5.1,-5.1,-5.11,-5.11,-5.11,-5.12,-5.12,-5.12,-5.12,-5.12,-5.13,-5.14,-5.14,-5.14,-5.14,-5.15,-5.15,-5.15,-5.15,-5.16,-5.16,-5.16,-5.16,-5.16,-5.17,-5.17,-5.17,-5.18,-5.18,-5.18,-5.18,-5.18,-5.19,-5.2,-5.2,-5.2,-5.21,-5.21,-5.22,-5.22,-5.22,-5.22,-5.23,-5.23,-5.23,-5.24,-5.24,-5.24,-5.24,-5.24,-5.25,-5.25,-5.25,-5.25,-5.25,-5.25,-5.25,-5.25,-5.25,-5.26,-5.26,-5.26,-5.26,-5.26
HHO,F23,0.6,0.5858877937132476,5.340615789047776,-1.33,-1.83,-2.46,-2.9,-3.29,-3.59,-3.9,-4.09,-4.15,-4.29,-4.39,-4.43,-4.51,-4.55,-4.6,-4.67,-4.72,-4.73,-4.74,-4.76,-4.78,-4.79,-4.8,-4.8,-4.83,-4.84,-4.85,-4.85,-4.86,-4.87,-4.87,-4.89,-4.92,-4.95,-4.97,-4.97,-4.98,-4.98,-4.98,-4.99,-5.0,-5.0,-5.0,-5.0,-5.01,-5.01,-5.01,-5.01,-5.02,-5.02,-5.03,-5.03,-5.03,-5.03,-5.03,-5.03,-5.03,-5.03,-5.03,-5.04,-5.04,-5.05,-5.06,-5.06,-5.07,-5.07,-5.08,-5.08,-5.09,-5.09,-5.1,-5.1,-5.1,-5.11,-5.11,-5.12,-5.12,-5.12,-5.12,-5.13,-5.14,-5.15,-5.15,-5.15,-5.15,-5.15,-5.16,-5.17,-5.17,-5.17,-5.17,-5.18,-5.18,-5.18,-5.19,-5.19,-5.19,-5.19,-5.19,-5.2
FFA,F1,0.83,0.7319066578054986,1.0964254276579797,33212.99,28493.71,25127.82,22331.12,19651.61,17768.2,16049.88,14533.82,13326.94,12408.96,11173.72,9923.38,9074.35,8214.37,7319.61,6715.51,5929.86,5338.15,4899.1,4463.85,3969.14,3538.02,3179.38,2856.04,2556.83,2308.16,2107.92,1952.0,1761.06,1595.5,1315.58,1230.76,1133.92,1028.24,943.14,837.71,764.44,693.25,612.38,548.06,497.31,446.6,418.28,364.01,318.46,305.91,269.58,244.85,222.28,198.53,177.96,162.22,150.87,135.19,121.4,106.05,96.63,89.13,80.01,72.35,64.31,59.34,51.74,46.36,40.99,37.97,33.65,30.32,28.12,25.45,22.87,20.7,18.45,16.88,15.8,14.17,12.53,11.03,9.85,9.19,8.19,7.45,6.8,6.17,5.62,5.09,4.62,4.13,3.71,3.24,2.82,2.59,2.36,2.14,1.94,1.71,1.59,1.4,1.24,1.1
FFA,F2,0.97,0.39246335371863833,0.47634485371802104,5164554.53,22554.0,2104.42,1010.71,144.28,77.47,63.58,58.23,55.1,51.53,49.1,44.63,42.38,39.84,37.46,36.09,33.92,31.84,30.12,28.72,27.24,25.41,24.07,22.81,21.74,20.6,19.76,18.88,17.85,16.6,16.07,15.23,14.52,13.89,13.16,12.47,11.85,11.21,10.82,10.26,9.63,9.15,8.89,8.41,8.09,7.62,7.13,6.7,6.4,6.02,5.76,5.49,5.21,4.94,4.57,4.26,4.05,3.68,3.42,3.19,2.9,2.7,2.52,2.34,2.25,2.11,1.97,1.87,1.77,1.68,1.6,1.51,1.45,1.38,1.32,1.26,1.23,1.18,1.14,1.09,1.04,1.0,0.96,0.91,0.89,0.86,0.81,0.78,0.75,0.72,0.68,0.65,0.63,0.61,0.58,0.55,0.54,0.52,0.49,0.48
FFA,F3,3.46,130.87035933213892,297.9280229068044,61997.57,44910.05,39983.53,37249.07,34009.81,31164.31,28279.41,26608.89,25226.91,22882.18,21384.95,20150.87,18535.88,17740.7,16480.89,15441.54,14980.67,14508.34,13144.0,12514.27,11821.0,11295.75,10733.1,10263.11,9508.25,9002.5,8393.89,8000.45,7595.12,7259.98,6742.82,6272.63,6032.22,5765.58,5424.95,4948.29,4752.41,4449.6,4216.39,4006.23,3814.68,3654.31,3382.36,3161.91,2984.84,2830.04,2695.21,2467.81,2345.85,2235.24,2155.67,2033.54,1961.72,1857.12,1764.97,1675.41,1588.63,1483.62,1410.41,1339.46,1293.15,1240.29,1176.75,1116.29,1060.24,1021.42,975.58,931.32,901.06,870.28,836.5,790.99,759.19,718.08,695.55,670.05,642.8,619.25,592.86,573.89,551.85,531.2,508.04,492.95,476.31,454.89,441.07,427.4,412.75,400.04,388.62,375.08,364.5,351.11,342.34,332.07,322.59,314.2,304.98,297.93
FFA,F4,0.9,0.3498000292727908,0.4007453733451386,65.78,60.74,57.33,54.86,51.75,49.36,47.67,46.22,43.33,40.63,39.18,36.93,34.91,33.15,31.56,30.79,28.46,27.0,25.49,24.71,23.56,22.55,21.15,20.19,19.32,18.46,17.05,16.69,15.5,14.58,13.95,13.3,12.61,12.24,11.55,10.83,10.14,9.79,9.23,8.86,8.36,7.93,7.5,7.1,6.76,6.43,6.22,5.93,5.59,5.39,5.14,4.91,4.63,4.34,4.09,3.9,3.75,3.57,3.37,3.22,3.06,2.88,2.78,2.65,2.54,2.34,2.22,2.1,2.01,1.92,1.85,1.71,1.62,1.53,1.45,1.37,1.3,1.26,1.19,1.13,1.1,1.02,0.96,0.92,0.89,0.83,0.8,0.76,0.71,0.67,0.64,0.6,0.58,0.55,0.52,0.5,0.47,0.45,0.42,0.4
FFA,F5,0.99,27.236507511053397,37.540923336838596,950462.65,643574.12,444403.31,369077.86,319840.28,254448.64,216831.68,177125.76,150734.48,123017.3,95377.07,80315.58,67711.27,52318.18,43391.02,37345.82,30063.29,24693.85,21534.84,18020.59,15309.25,12941.17,10988.74,8626.31,7441.17,5909.67,5173.28,4648.19,4021.53,3185.48,2668.47,2305.36,1995.03,1654.7,1538.91,1279.94,1112.54,987.32,868.36,770.11,685.6,605.15,548.11,497.0,429.16,384.3,356.02,325.34,295.59,260.72,239.61,220.28,199.01,185.07,170.34,154.19,139.44,122.92,112.97,99.92,89.72,83.17,74.09,69.47,65.0,60.89,58.62,56.17,54.53,52.69,50.96,49.66,48.66,47.56,46.77,45.87,45.12,44.52,43.74,43.36,42.83,42.13,41.81,41.5,41.07,40.82,40.41,40.04,39.79,39.59,39.37,39.06,38.9,38.64,38.43,38.27,38.03,37.89,37.7,37.54
FFA,F6,0.9,0.6853095503606543,1.0832743647973628,33525.34,27608.41,24586.98,22533.26,20065.74,18170.98,16115.56,15085.6,13026.0,11901.05,10849.27,9537.59,8926.71,8069.61,7369.27,6706.09,5903.16,5380.43,4767.03,4471.35,3948.23,3473.03,3147.56,2829.76,2537.49,2354.2,2174.9,1956.34,1788.71,1627.3,1445.99,1272.65,1131.75,1042.84,977.28,870.21,777.89,675.88,604.04,556.93,488.41,448.81,400.3,373.21,337.78,302.11,265.96,244.98,219.25,198.9,180.6,158.64,141.87,131.71,115.64,101.54,95.49,86.94,79.6,70.68,64.13,59.21,53.73,49.16,45.13,40.15,33.74,29.59,27.87,26.44,22.54,20.59,18.92,17.25,15.94,14.18,13.04,11.49,10.23,9.29,8.52,7.83,6.84,6.23,5.5,4.93,4.41,3.97,3.63,3.3,2.99,2.72,2.45,2.18,1.92,1.69,1.51,1.35,1.22,1.08
FFA,F7,1.27,0.00434532338442618,0.012722734144904565,37.15,25.67,18.97,14.82,12.51,9.8,8.18,6.79,5.68,5.0,4.06,3.19,2.85,2.25,1.87,1.43,1.17,0.93,0.73,0.61,0.41,0.36,0.29,0.25,0.21,0.17,0.15,0.13,0.11,0.09,0.08,0.07,0.07,0.06,0.05,0.05,0.05,0.04,0.04,0.04,0.03,0.03,0.03,0.03,0.03,0.03,0.03,0.03,0.03,0.03,0.03,0.02,0.02,0.02,0.02,0.02,0.02,0.02,0.02,0.02,0.02,0.02,0.02,0.02,0.02,0.02,0.02,0.02,0.02,0.02,0.02,0.02,0.02,0.02,0.02,0.02,0.01,0.01,0.01,0.01,0.01,0.01,0.01,0.01,0.01,0.01,0.01,0.01,0.01,0.01,0.01,0.01,0.01,0.01,0.01,0.01,0.01,0.01,0.01,0.01
FFA,F8,0.99,4899.7767181432655,6449.390857621865,-2599.13,-2896.73,-2930.22,-2954.59,-3002.33,-3058.59,-3090.41,-3092.05,-3092.71,-3097.23,-3097.97,-3109.57,-3123.42,-3154.8,-3180.36,-3191.82,-3259.15,-3260.16,-3260.16,-3262.48,-3274.06,-3294.91,-3322.73,-3330.74,-3388.14,-3396.32,-3428.68,-3521.89,-3538.61,-3699.03,-3763.9,-3861.62,-3987.15,-4090.02,-4173.44,-4295.15,-4402.53,-4522.51,-4630.51,-4769.68,-4797.87,-4906.35,-4988.74,-5070.87,-5182.17,-5278.14,-5318.41,-5387.93,-5467.92,-5532.03,-5570.53,-5624.31,-5659.27,-5712.88,-5756.42,-5795.22,-5823.48,-5849.63,-5871.11,-5885.35,-5913.33,-5930.83,-5954.2,-5971.72,-5984.83,-5998.14,-6011.12,-6019.51,-6030.23,-6040.45,-6048.32,-6055.64,-6063.18,-6068.27,-6073.94,-6078.09,-6082.82,-6086.48,-6091.12,-6094.45,-6096.89,-6098.46,-6101.87,-6105.15,-6106.47,-6108.48,-6109.94,-6110.68,-6111.97,-6113.14,-6114.56,-6115.39,-6116.05,-6117.06,-6117.45,-6118.19,-6118.78,-6119.24,-6119.72,-6120.11
FFA,F9,0.96,15.558492167234704,23.07273849740517,332.94,312.1,295.62,289.54,281.08,274.86,267.5,259.7,250.93,246.07,241.55,238.58,234.86,231.37,228.2,223.64,219.62,216.14,214.92,209.41,206.49,202.45,202.24,198.62,198.34,197.54,196.98,196.0,194.71,194.22,192.65,190.76,189.67,187.17,186.91,185.58,184.27,183.81,182.92,181.81,179.1,177.71,173.85,168.22,153.73,138.75,125.19,107.97,95.15,82.98,75.74,69.8,64.79,60.29,56.77,53.7,50.7,47.89,46.34,43.44,41.95,40.29,38.84,37.65,35.72,35.17,34.36,33.28,32.57,31.59,30.92,30.36,29.56,29.09,28.51,27.99,27.55,27.21,26.9,26.58,26.32,25.95,25.71,25.48,25.27,25.03,24.71,24.48,24.32,24.14,24.03,23.86,23.72,23.64,23.51,23.43,23.32,23.21,23.14,23.07
FFA,F10,1.08,0.25717395869970305,0.3276997946144688,19.31,18.77,18.44,18.21,17.81,17.38,17.15,16.83,16.53,16.09,15.76,15.3,14.85,14.51,14.28,13.99,13.43,13.13,12.76,12.47,12.02,11.75,11.34,10.97,10.61,10.22,9.93,9.65,9.35,9.02,8.83,8.53,8.23,7.9,7.66,7.46,7.17,6.9,6.71,6.53,6.31,6.12,5.87,5.66,5.49,5.32,5.11,4.96,4.84,4.69,4.5,4.4,4.25,4.09,4.0,3.87,3.8,3.72,3.6,3.53,3.42,3.3,3.2,3.1,3.03,2.96,2.89,2.83,2.66,2.59,2.52,2.46,2.36,2.25,2.16,2.04,1.93,1.79,1.71,1.57,1.42,1.29,1.16,1.06,0.99,0.88,0.79,0.74,0.7,0.64,0.58,0.55,0.5,0.46,0.43,0.41,0.39,0.36,0.34,0.33
FFA,F11,1.13,0.7444067138159547,0.8950375700344089,302.62,248.03,222.82,201.48,177.47,156.9,139.27,126.78,119.74,107.79,99.85,90.77,80.37,70.11,66.56,59.75,52.76,47.33,44.77,39.48,35.27,32.0,29.22,26.95,24.73,22.03,19.93,18.24,16.71,14.59,13.66,12.39,11.35,10.6,9.54,8.86,8.03,7.21,6.47,6.04,5.46,5.13,4.75,4.25,4.0,3.78,3.44,3.19,2.97,2.77,2.59,2.45,2.3,2.19,2.09,1.99,1.86,1.77,1.68,1.63,1.59,1.53,1.48,1.42,1.37,1.34,1.3,1.28,1.25,1.23,1.2,1.19,1.17,1.16,1.14,1.13,1.11,1.1,1.09,1.08,1.08,1.07,1.06,1.06,1.05,1.04,1.04,1.04,1.03,1.03,1.02,1.01,1.0,0.99,0.97,0.96,0.95,0.93,0.91,0.9
FFA,F12,1.74,0.0012549807059298228,0.0016648380648426379,112063896.66,63414991.77,44200537.98,28916226.54,20963400.61,11848374.28,9043533.69,6996824.08,4677409.74,3026921.26,2072539.93,1129986.45,664117.37,458180.22,283782.27,174265.27,76149.07,36612.7,13399.97,5508.87,1788.05,674.3,131.48,43.14,28.0,24.39,19.96,17.01,15.22,13.09,11.66,10.83,9.26,8.58,7.84,6.81,6.26,5.8,5.29,4.69,4.22,3.69,3.39,3.12,2.88,2.64,2.39,2.11,1.98,1.65,1.44,1.26,1.1,0.98,0.88,0.81,0.7,0.63,0.55,0.45,0.39,0.33,0.28,0.25,0.22,0.21,0.17,0.15,0.13,0.11,0.09,0.08,0.07,0.06,0.06,0.05,0.04,0.04,0.03,0.03,0.03,0.02,0.02,0.02,0.01,0.01,0.01,0.01,0.01,0.01,0.01,0.01,0.0,0.0,0.0,0.0,0.0,0.0,0.0,0.0
FFA,F13,1.82,0.016936845144558694,0.030605894193071678,277438707.22,180488808.77,128857201.85,99012843.47,71098592.19,55466812.5,42806858.07,35511689.57,25989306.14,18711842.6,13250083.72,11070139.81,7504180.59,5161401.87,3672674.27,2887355.0,2086177.56,1594612.22,1073050.58,755119.61,568501.5,356846.07,244284.15,154309.46,90585.88,62035.62,38535.33,23467.9,12911.67,6318.96,3763.48,1631.29,696.59,231.29,119.88,62.13,39.23,31.65,28.73,25.16,22.65,19.71,17.77,15.4,13.44,11.79,10.79,9.07,8.03,7.33,6.66,6.02,5.5,4.75,4.19,3.93,3.55,3.27,2.9,2.7,2.4,2.22,2.02,1.77,1.58,1.45,1.32,1.2,1.07,0.96,0.9,0.8,0.72,0.64,0.57,0.53,0.49,0.44,0.4,0.37,0.33,0.29,0.27,0.24,0.22,0.19,0.18,0.16,0.14,0.12,0.11,0.09,0.08,0.07,0.06,0.05,0.04,0.04,0.03,0.03
FFA,F14,9.5,3.8378868528754495e-06,0.22893272788520586,6.36,4.51,2.75,2.38,2.05,1.85,1.78,1.62,1.56,1.46,1.43,1.42,1.42,1.4,1.39,1.35,1.32,1.32,1.32,1.32,1.32,1.32,1.31,1.27,1.27,1.24,1.23,1.23,1.23,1.23,1.23,1.23,1.23,1.23,1.23,1.23,1.23,1.23,1.23,1.23,1.23,1.23,1.23,1.23,1.23,1.23,1.23,1.23,1.23,1.23,1.23,1.23,1.23,1.23,1.23,1.23,1.23,1.23,1.23,1.23,1.23,1.23,1.23,1.23,1.23,1.23,1.23,1.23,1.23,1.23,1.23,1.23,1.23,1.23,1.23,1.23,1.23,1.23,1.23,1.23,1.23,1.23,1.23,1.23,1.23,1.23,1.23,1.23,1.23,1.23,1.23,1.23,1.23,1.23,1.23,1.23,1.23,1.23,1.23,1.23
FFA,F15,1.11,0.0003361451279774149,0.0005814194807360098,0.02,0.01,0.01,0.01,0.01,0.01,0.0,0.0,0.0,0.0,0.0,0.0,0.0,0.0,0.0,0.0,0.0,0.0,0.0,0.0,0.0,0.0,0.0,0.0,0.0,0.0,0.0,0.0,0.0,0.0,0.0,0.0,0.0,0.0,0.0,0.0,0.0,0.0,0.0,0.0,0.0,0.0,0.0,0.0,0.0,0.0,0.0,0.0,0.0,0.0,0.0,0.0,0.0,0.0,0.0,0.0,0.0,0.0,0.0,0.0,0.0,0.0,0.0,0.0,0.0,0.0,0.0,0.0,0.0,0.0,0.0,0.0,0.0,0.0,0.0,0.0,0.0,0.0,0.0,0.0,0.0,0.0,0.0,0.0,0.0,0.0,0.0,0.0,0.0,0.0,0.0,0.0,0.0,0.0,0.0,0.0,0.0,0.0,0.0,0.0
FFA,F16,0.79,1.1575047100809144e-05,1.1794151033598747e-05,-0.94,-1.0,-1.01,-1.01,-1.02,-1.02,-1.02,-1.02,-1.03,-1.03,-1.03,-1.03,-1.03,-1.03,-1.03,-1.03,-1.03,-1.03,-1.03,-1.03,-1.03,-1.03,-1.03,-1.03,-1.03,-1.03,-1.03,-1.03,-1.03,-1.03,-1.03,-1.03,-1.03,-1.03,-1.03,-1.03,-1.03,-1.03,-1.03,-1.03,-1.03,-1.03,-1.03,-1.03,-1.03,-1.03,-1.03,-1.03,-1.03,-1.03,-1.03,-1.03,-1.03,-1.03,-1.03,-1.03,-1.03,-1.03,-1.03,-1.03,-1.03,-1.03,-1.03,-1.03,-1.03,-1.03,-1.03,-1.03,-1.03,-1.03,-1.03,-1.03,-1.03,-1.03,-1.03,-1.03,-1.03,-1.03,-1.03,-1.03,-1.03,-1.03,-1.03,-1.03,-1.03,-1.03,-1.03,-1.03,-1.03,-1.03,-1.03,-1.03,-1.03,-1.03,-1.03,-1.03,-1.03,-1.03,-1.03,-1.03
FFA,F17,0.78,3.7212018788590484e-07,9.267528052303576e-07,0.54,0.48,0.45,0.43,0.42,0.41,0.41,0.41,0.4,0.4,0.4,0.4,0.4,0.4,0.4,0.4,0.4,0.4,0.4,0.4,0.4,0.4,0.4,0.4,0.4,0.4,0.4,0.4,0.4,0.4,0.4,0.4,0.4,0.4,0.4,0.4,0.4,0.4,0.4,0.4,0.4,0.4,0.4,0.4,0.4,0.4,0.4,0.4,0.4,0.4,0.4,0.4,0.4,0.4,0.4,0.4,0.4,0.4,0.4,0.4,0.4,0.4,0.4,0.4,0.4,0.4,0.4,0.4,0.4,0.4,0.4,0.4,0.4,0.4,0.4,0.4,0.4,0.4,0.4,0.4,0.4,0.4,0.4,0.4,0.4,0.4,0.4,0.4,0.4,0.4,0.4,0.4,0.4,0.4,0.4,0.4,0.4,0.4,0.4,0.4
FFA,F18,0.88,6.566986510136985e-08,2.4530009794521135e-06,4.64,3.69,3.41,3.21,3.14,3.09,3.07,3.06,3.05,3.05,3.04,3.04,3.03,3.03,3.02,3.02,3.02,3.01,3.01,3.01,3.01,3.01,3.01,3.01,3.01,3.01,3.01,3.01,3.01,3.0,3.0,3.0,3.0,3.0,3.0,3.0,3.0,3.0,3.0,3.0,3.0,3.0,3.0,3.0,3.0,3.0,3.0,3.0,3.0,3.0,3.0,3.0,3.0,3.0,3.0,3.0,3.0,3.0,3.0,3.0,3.0,3.0,3.0,3.0,3.0,3.0,3.0,3.0,3.0,3.0,3.0,3.0,3.0,3.0,3.0,3.0,3.0,3.0,3.0,3.0,3.0,3.0,3.0,3.0,3.0,3.0,3.0,3.0,3.0,3.0,3.0,3.0,3.0,3.0,3.0,3.0,3.0,3.0,3.0,3.0
FFA,F19,1.56,1.909308700032142e-06,2.1922012450955226e-06,-3.82,-3.84,-3.85,-3.85,-3.86,-3.86,-3.86,-3.86,-3.86,-3.86,-3.86,-3.86,-3.86,-3.86,-3.86,-3.86,-3.86,-3.86,-3.86,-3.86,-3.86,-3.86,-3.86,-3.86,-3.86,-3.86,-3.86,-3.86,-3.86,-3.86,-3.86,-3.86,-3.86,-3.86,-3.86,-3.86,-3.86,-3.86,-3.86,-3.86,-3.86,-3.86,-3.86,-3.86,-3.86,-3.86,-3.86,-3.86,-3.86,-3.86,-3.86,-3.86,-3.86,-3.86,-3.86,-3.86,-3.86,-3.86,-3.86,-3.86,-3.86,-3.86,-3.86,-3.86,-3.86,-3.86,-3.86,-3.86,-3.86,-3.86,-3.86,-3.86,-3.86,-3.86,-3.86,-3.86,-3.86,-3.86,-3.86,-3.86,-3.86,-3.86,-3.86,-3.86,-3.86,-3.86,-3.86,-3.86,-3.86,-3.86,-3.86,-3.86,-3.86,-3.86,-3.86,-3.86,-3.86,-3.86,-3.86,-3.86
FFA,F20,1.55,0.00037704153412487784,0.03208756070722251,-2.89,-3.09,-3.13,-3.15,-3.18,-3.2,-3.2,-3.21,-3.22,-3.23,-3.23,-3.23,-3.24,-3.24,-3.25,-3.26,-3.26,-3.26,-3.27,-3.27,-3.27,-3.27,-3.27,-3.27,-3.27,-3.28,-3.28,-3.28,-3.28,-3.28,-3.28,-3.28,-3.28,-3.28,-3.28,-3.28,-3.29,-3.29,-3.29,-3.29,-3.29,-3.29,-3.29,-3.29,-3.29,-3.29,-3.29,-3.29,-3.29,-3.29,-3.29,-3.29,-3.29,-3.29,-3.29,-3.29,-3.29,-3.29,-3.29,-3.29,-3.29,-3.29,-3.29,-3.29,-3.29,-3.29,-3.29,-3.29,-3.29,-3.29,-3.29,-3.29,-3.29,-3.29,-3.29,-3.29,-3.29,-3.29,-3.29,-3.29,-3.29,-3.29,-3.29,-3.29,-3.29,-3.29,-3.29,-3.29,-3.29,-3.29,-3.29,-3.29,-3.29,-3.29,-3.29,-3.29,-3.29,-3.29,-3.29,-3.29
FFA,F21,3.56,0.00018034100399688668,0.7294596795182353,-1.5,-2.04,-2.29,-2.66,-3.28,-3.48,-3.79,-4.15,-4.41,-4.49,-4.61,-4.8,-5.1,-5.28,-5.66,-5.91,-6.36,-6.52,-6.85,-7.05,-7.33,-7.39,-7.66,-7.81,-7.89,-8.07,-8.15,-8.29,-8.46,-8.54,-8.78,-8.84,-8.89,-8.96,-9.02,-9.05,-9.09,-9.11,-9.13,-9.16,-9.18,-9.21,-9.25,-9.26,-9.26,-9.28,-9.29,-9.3,-9.32,-9.33,-9.34,-9.34,-9.35,-9.36,-9.37,-9.37,-9.38,-9.38,-9.39,-9.39,-9.39,-9.39,-9.4,-9.4,-9.4,-9.41,-9.41,-9.41,-9.41,-9.41,-9.41,-9.42,-9.42,-9.42,-9.42,-9.42,-9.42,-9.42,-9.42,-9.42,-9.42,-9.42,-9.42,-9.42,-9.42,-9.42,-9.42,-9.42,-9.42,-9.42,-9.42,-9.42,-9.42,-9.42,-9.42,-9.42,-9.42,-9.42,-9.42,-9.42
FFA,F22,4.53,-0.00012810524585837868,0.000703413663754245,-1.56,-2.36,-3.02,-3.41,-3.83,-3.92,-4.39,-4.72,-4.94,-5.19,-5.56,-5.8,-6.12,-6.25,-6.47,-7.0,-7.11,-7.39,-7.48,-7.6,-7.82,-8.08,-8.32,-8.51,-8.81,-9.1,-9.24,-9.42,-9.49,-9.54,-9.67,-9.74,-9.78,-9.8,-9.86,-9.93,-9.95,-9.96,-10.0,-10.03,-10.08,-10.11,-10.15,-10.17,-10.2,-10.24,-10.25,-10.26,-10.28,-10.29,-10.31,-10.32,-10.32,-10.34,-10.34,-10.35,-10.35,-10.36,-10.36,-10.37,-10.37,-10.37,-10.38,-10.38,-10.38,-10.38,-10.38,-10.38,-10.39,-10.39,-10.39,-10.39,-10.39,-10.39,-10.39,-10.39,-10.39,-10.4,-10.4,-10.4,-10.4,-10.4,-10.4,-10.4,-10.4,-10.4,-10.4,-10.4,-10.4,-10.4,-10.4,-10.4,-10.4,-10.4,-10.4,-10.4,-10.4,-10.4,-10.4,-10.4
FFA,F23,6.1,0.00013179744362545875,0.0004919518844394233,-1.85,-2.41,-2.88,-3.34,-4.29,-4.49,-4.54,-5.05,-5.62,-5.73,-5.91,-6.02,-6.2,-6.49,-6.67,-6.93,-7.27,-7.34,-7.63,-7.8,-8.17,-8.53,-8.67,-8.94,-9.06,-9.13,-9.3,-9.42,-9.49,-9.65,-9.74,-9.8,-9.88,-10.02,-10.06,-10.12,-10.15,-10.17,-10.21,-10.25,-10.26,-10.29,-10.31,-10.33,-10.34,-10.36,-10.4,-10.4,-10.42,-10.42,-10.44,-10.44,-10.45,-10.45,-10.46,-10.47,-10.48,-10.49,-10.49,-10.49,-10.49,-10.5,-10.5,-10.51,-10.51,-10.51,-10.51,-10.51,-10.52,-10.52,-10.52,-10.52,-10.53,-10.53,-10.53,-10.53,-10.53,-10.53,-10.53,-10.53,-10.53,-10.53,-10.53,-10.53,-10.53,-10.53,-10.53,-10.53,-10.53,-10.53,-10.53,-10.54,-10.54,-10.54,-10.54,-10.54,-10.54,-10.54,-10.54,-10.54
